,kcat,data_type,MW,kcat_MW
ALAR,275.128125,Other_species,78346.4468000001,12642.069812411692
ALATA_L,1.29,Other_species,46748.85590000004,99.33932950004015
ASNN,263.72297073170733,Other_species,33298.22399999999,28512.11207643227
ASNS1,2.037777777777778,Other_species,72387.69100000027,101.34319659401726
ASPT,131.90357142857144,Other_species,57567.95390000005,8248.562350638917
ASPTA,452.2572727272727,Other_species,47295.002600000065,34424.90944737107
DAAD,255.1264642857143,Other_species,44705.46800000002,20544.584645184143
2METS,18.301538461538463,Other_species,85189.59560000009,773.3988874756251
ACNML,24.75333333333333,Database,32724.746600000028,2723.0768534048757
ADNUC_num1,14.496153846153849,Other_species,47769.33190000007,1092.4614552993942
AGDC,65.81,Other_species,40505.19610000008,5849.027354789168
ALCD19_num1,292.8888888888889,Other_species,37284.043600000055,28280.19437247945
ALDD19x,31.24904761904762,Other_species,55105.559600000066,2041.4740771196396
ALDD2x,30.194117647058825,Other_species,51083.937600000136,2127.84739462628
AMALT1,1169.6714,Database,78523.43850000044,53624.97007820125
AMALT2,1169.6714,Database,78523.43850000044,53624.97007820125
AMALT3,1169.6714,Database,78523.43850000044,53624.97007820125
AMALT4,1169.6714,Database,78523.43850000044,53624.97007820125
ARAI_num1,191.76103448275865,Other_species,7458.6584,92555.48211430773
BETALDHx,8017.27507255488,fill,52322.491300000125,551621.1010617054
BETALDHy,8017.27507255488,fill,52322.491300000125,551621.1010617054
DHACOAH,8017.27507255488,fill,36529.61010000005,790103.9781751607
DHAPT,8017.27507255488,fill,39240.35870000007,735523.0996193091
DHPTDNRN,8017.27507255488,fill,42009.95970000003,687032.0863744497
DRPA,107.5737,Other_species,22519.556799999977,17196.84465548631
FFSD_num1,274.7513265500004,Brenda_SA,47782.839400000055,20700.000000000004
G3PT,8017.27507255488,fill,25277.483199999984,1141814.239686552
G6PDA,224.3142857142857,Other_species,27277.358000000015,29604.459074497907
GLCRD,21.762727272727272,Other_species,69601.5585000003,1125.633101761907
GLYCDx,8017.27507255488,fill,27063.406599999995,1066465.5299232572
GLYK,2191.34,Other_species,56144.53370000014,140509.20864625476
GNK_num1,0.1912636689244443,Brenda_SA,18469.66759999999,37.279999999999994
GUI1,67.86666666666666,Other_species,57453.80120000014,4252.460148798638
HCO3E,2907913.636363636,Other_species,22228.03730000002,470958769.3065945
HXCT,290.0,Other_species,78908.3846000001,13230.533172009691
MALGT,105.25666666666666,Other_species,69449.90270000021,5456.076758477573
MAN1PG,104.49166666666667,Other_species,37033.46390000001,10157.569948513508
MAN6PI,22925.15333333333,Other_species,42833.65220000009,1926768.9716171299
MCITL2_num1,63.21666666666667,Other_species,133657.83880000003,1702.7059695356975
MM_COA_ADD5,3.84,Other_species,57996.135500000055,238.36070939588703
MMM2,134.3590909090909,Other_species,145540.92390000084,3323.413884640899
MSDH_num1,1.4538333333333333,Other_species,53643.12570000007,97.56702152797918
PFK_2,80.562,Other_species,74926.25080000008,3870.7822279024226
PGLYCP_num1,36.91105263157895,Other_species,24766.549900000005,5365.292703675459
PGMT,80.77727272727273,Other_species,59206.42900000016,4911.598060038058
PMANM_num1,24.803846153846155,Other_species,62579.15660000019,1426.8943687529002
RBK_num1,11.399090909090908,Other_species,61538.51900000003,666.8461955141828
TRE6PP,9.856923076923078,Other_species,28104.447800000016,1262.6087987725223
TRE6PS,147.36857142857144,Other_species,53397.9074000001,9935.349210760574
UDPG4E,4496.622911923077,Other_species,70526.10140000012,229529.8075688478
UDPGPpp_num1,185.76402659373676,Brenda_SA,33450.03510000001,19992.520000000008
XYLI1,4.944916666666667,Other_species,37328.383400000035,476.89448024689926
XYLI2,4.944916666666667,Other_species,37328.383400000035,476.89448024689926
XYLK,765.177,Other_species,49820.40310000008,55291.34709068613
GALKr,23.971307142857142,Other_species,46333.44050000015,1862.5145204635826
M1PD,67.8875,Other_species,55368.50720000014,4413.971269212752
MAN2D,33.9143125,Other_species,55368.50720000014,2205.0716404360583
ICL,7.475,Other_species,188911.3772000004,142.44774665694376
MALS,6.603991155666655,Brenda_SA,13854.526899999975,1716.0
ME1_num1,87.049,Other_species,37729.45650000009,8305.881639190835
ME2,7.436048215833343,Brenda_SA,40932.37550000005,654.0
PPA,816.96656,Other_species,107429.12339999995,27376.93023007578
PPA2,816.96656,Other_species,107429.12339999995,27376.93023007578
PPC,0.055,Database,103196.32520000079,1.9186729722813665
PPCK,337.43333333333334,Database,36048.41530000002,33698.01390409523
ABTA,2.055,Database,46507.41600000007,159.0714048701392
ACGK,38.25,Database,31089.38160000002,4429.164972519104
ACGS,2.1999998,Other_species,79427.97160000014,99.71297416337379
ACODA,1314.0,Other_species,47771.77660000007,99020.80970545259
ACOTA,1.185,Other_species,82411.52100000004,51.764607038377534
AMPTASEPG_num1,239.12731707317076,Other_species,96093.53880000084,8958.545519435145
ARGSL,7.315875950000017,Brenda_SA,51040.99500000012,516.0
CBPS,3.3582539523809523,Other_species,162169.69810000082,74.54977329436964
GLU5K,12.25,Other_species,38625.22430000004,1141.740942589166
OCBT,1190.9444444444443,Other_species,34328.29050000001,124894.07242693889
P5CD,3.912391304347826,Other_species,126320.44770000072,111.49904035411437
P5CR,995.5918027272728,Other_species,28241.848599999998,126908.49457418954
PROD2,14.677777777777775,Other_species,126320.44770000072,418.30124071037227
SPMDAT1,1.9095,Other_species,34481.182600000044,199.36091171072513
SPMDAT2_num1,1.9095,Other_species,19208.73609999999,357.86841800590946
SPMS,89.61916666666667,Other_species,110938.45140000021,2908.180129869736
SSALy_num1,4.218571428571429,Other_species,51774.1473000001,293.3289669621872
UREAAH,3345.5,Other_species,90263.75640000011,133428.96950386596
3HAD100,9.28053181818182,Other_species,17178.201499999996,1944.9017724850046
3HAD120,9.28053181818182,Other_species,17178.201499999996,1944.9017724850046
3HAD121,9.28053181818182,Other_species,17178.201499999996,1944.9017724850046
3HAD140,9.28053181818182,Other_species,17178.201499999996,1944.9017724850046
3HAD141,9.28053181818182,Other_species,17178.201499999996,1944.9017724850046
3HAD160,9.28053181818182,Other_species,17178.201499999996,1944.9017724850046
3HAD161,9.28053181818182,Other_species,17178.201499999996,1944.9017724850046
3HAD180,9.28053181818182,Other_species,17178.201499999996,1944.9017724850046
3HAD181,9.28053181818182,Other_species,17178.201499999996,1944.9017724850046
3HAD40,8017.27507255488,fill,17178.201499999996,1680163.680767022
3HAD60,9.28053181818182,Other_species,17178.201499999996,1944.9017724850046
3HAD80,9.28053181818182,Other_species,17178.201499999996,1944.9017724850046
3OAR100,25.627636363636363,Other_species,49743.127799999944,1854.7183297366157
3OAR120,25.627636363636363,Other_species,49743.127799999944,1854.7183297366157
3OAR140,25.627636363636363,Other_species,49743.127799999944,1854.7183297366157
3OAR160,25.627636363636363,Other_species,49743.127799999944,1854.7183297366157
3OAR180,25.627636363636363,Other_species,49743.127799999944,1854.7183297366157
3OAR40,25.627636363636363,Other_species,49743.127799999944,1854.7183297366157
3OAR60,25.627636363636363,Other_species,49743.127799999944,1854.7183297366157
3OAR80,25.627636363636363,Other_species,49743.127799999944,1854.7183297366157
3OAS100_num1,0.1708571428571428,Other_species,14750.437999999996,41.699488129485665
3OAS120_num1,0.1708571428571428,Other_species,14750.437999999996,41.699488129485665
3OAS121_num1,8017.27507255488,fill,14750.437999999996,1956700.5577188677
3OAS140_num1,0.1708571428571428,Other_species,14750.437999999996,41.699488129485665
3OAS141_num1,8017.27507255488,fill,14750.437999999996,1956700.5577188677
3OAS160_num1,8017.27507255488,fill,14750.437999999996,1956700.5577188677
3OAS161_num1,8017.27507255488,fill,14750.437999999996,1956700.5577188677
3OAS180_num1,8017.27507255488,fill,14750.437999999996,1956700.5577188677
3OAS181_num1,8017.27507255488,fill,14750.437999999996,1956700.5577188677
3OAS60_num1,0.1708571428571428,Other_species,14750.437999999996,41.699488129485665
3OAS80_num1,8017.27507255488,fill,14750.437999999996,1956700.5577188677
AACPS1_num1,8017.27507255488,fill,14750.437999999996,1956700.5577188677
AACPS2_num1,8017.27507255488,fill,14750.437999999996,1956700.5577188677
AACPS3_num1,8017.27507255488,fill,14750.437999999996,1956700.5577188677
AACPS4_num1,8017.27507255488,fill,14750.437999999996,1956700.5577188677
AACPS5_num1,8017.27507255488,fill,14750.437999999996,1956700.5577188677
AACPS6_num1,8017.27507255488,fill,14750.437999999996,1956700.5577188677
AACPS7_num1,8017.27507255488,fill,14750.437999999996,1956700.5577188677
AACPS8_num1,0.016,Other_species,14750.437999999996,3.9049687880454815
AACPS9_num1,0.016,Other_species,14750.437999999996,3.9049687880454815
ALAALAr,1.5493431307692307,Other_species,38559.13410000003,144.65146588364973
EAR100x,17.880670714285714,Other_species,27866.9134,2309.922654420298
EAR100y,26.96333333333333,Other_species,27866.9134,3483.2705942955267
EAR120x,17.880670714285714,Other_species,27866.9134,2309.922654420298
EAR120y,26.96333333333333,Other_species,27866.9134,3483.2705942955267
EAR121x,17.880670714285714,Other_species,27866.9134,2309.922654420298
EAR121y,26.96333333333333,Other_species,27866.9134,3483.2705942955267
EAR140x,17.880670714285714,Other_species,27866.9134,2309.922654420298
EAR140y,26.96333333333333,Other_species,27866.9134,3483.2705942955267
EAR141x,17.880670714285714,Other_species,27866.9134,2309.922654420298
EAR141y,26.96333333333333,Other_species,27866.9134,3483.2705942955267
EAR160x,17.880670714285714,Other_species,27866.9134,2309.922654420298
EAR160y,26.96333333333333,Other_species,27866.9134,3483.2705942955267
EAR161x,17.880670714285714,Other_species,27866.9134,2309.922654420298
EAR161y,26.96333333333333,Other_species,27866.9134,3483.2705942955267
EAR180x,17.880670714285714,Other_species,27866.9134,2309.922654420298
EAR180y,26.96333333333333,Other_species,27866.9134,3483.2705942955267
EAR181x,17.880670714285714,Other_species,27866.9134,2309.922654420298
EAR181y,26.96333333333333,Other_species,27866.9134,3483.2705942955267
EAR40x,17.880670714285714,Other_species,27866.9134,2309.922654420298
EAR40y,26.96333333333333,Other_species,27866.9134,3483.2705942955267
EAR60x,17.880670714285714,Other_species,27866.9134,2309.922654420298
EAR60y,26.96333333333333,Other_species,27866.9134,3483.2705942955267
EAR80x,17.880670714285714,Other_species,27866.9134,2309.922654420298
EAR80y,26.96333333333333,Other_species,27866.9134,3483.2705942955267
FA100ACPHi_num1,3.282793103448276,Other_species,36468.071600000025,324.0658102802942
FA120ACPHi_num1,3.282793103448276,Other_species,36468.071600000025,324.0658102802942
FA140ACPHi_num1,3.282793103448276,Other_species,36468.071600000025,324.0658102802942
FA141ACPHi_num1,3.282793103448276,Other_species,36468.071600000025,324.0658102802942
FA160ACPHi_num1,3.282793103448276,Other_species,36468.071600000025,324.0658102802942
FA161ACPHi_num1,3.282793103448276,Other_species,36468.071600000025,324.0658102802942
FA80ACPHi_num1,3.282793103448276,Other_species,36468.071600000025,324.0658102802942
FACOAL100t2pp_num1,0.6263333333333333,Other_species,129746.41610000035,17.378514704114387
FACOAL120t2pp_num1,0.6263333333333333,Other_species,129746.41610000035,17.378514704114387
FACOAL140t2pp_num1,0.6263333333333333,Other_species,129746.41610000035,17.378514704114387
FACOAL141t2pp_num1,0.6263333333333333,Other_species,129746.41610000035,17.378514704114387
FACOAL160t2pp_num1,0.6263333333333333,Other_species,129746.41610000035,17.378514704114387
FACOAL161t2pp_num1,0.6263333333333333,Other_species,129746.41610000035,17.378514704114387
FACOAL180t2pp_num1,0.6263333333333333,Other_species,129746.41610000035,17.378514704114387
FACOAL181t2pp_num1,0.6263333333333333,Other_species,129746.41610000035,17.378514704114387
FACOAL60t2pp_num1,0.6263333333333333,Other_species,129746.41610000035,17.378514704114387
FACOAL80t2pp_num1,0.6263333333333333,Other_species,129746.41610000035,17.378514704114387
G1PACT,18.397,Other_species,151370.02440000017,437.53180500907627
GF6PTA,12.19958375,Other_species,134428.89140000028,326.7043344820733
GLUR,3855.6993939393938,Other_species,29230.0265,474871.88621542364
INPTH,2.03814,Other_species,39222.89170000002,187.06688064001142
MI1PP_num1,108.48764705882353,Other_species,28832.26290000001,13545.781361884174
PGAMT,1.5664,Other_species,46353.25000000006,121.65360573422561
TDPGDH_num1,79.22800000000001,Other_species,33536.0838,8504.892870049425
UAAGDS,3.7085714285714286,Other_species,53861.69880000016,247.87293086376073
UAGCVT_num1,0.5996874999999999,Other_species,46936.31080000005,45.995839110559096
UAGDP,18.397,Other_species,151370.02440000017,437.53180500907627
UAGPT3,2.198888888888889,Other_species,36696.42600000004,215.7158302010117
UAMAGS,94.14696981818182,Other_species,16415.40139999999,20647.018192650146
UAMAS,46.16935483870968,Other_species,51180.32250000009,3247.5308732053136
UAMDH_num1,30.20769230769231,Other_species,36370.715900000054,2989.97942758922
UDCPDP,82.04444444444445,Other_species,31578.078000000012,9353.324163680889
UDPGALM,19.487721052631574,Other_species,46180.797100000076,1519.1551509506871
UDPGD_num1,8.299518518518518,Other_species,42940.18960000002,695.8112422183308
UGMDDS,508.5,Other_species,53265.3453000002,34367.56092896282
3OAR121,25.627636363636363,Other_species,49743.127799999944,1854.7183297366157
3OAR141,25.627636363636363,Other_species,49743.127799999944,1854.7183297366157
3OAR161,25.627636363636363,Other_species,49743.127799999944,1854.7183297366157
3OAR181,25.627636363636363,Other_species,49743.127799999944,1854.7183297366157
G1PTT,6.283753333333333,Other_species,30834.505299999986,733.6427738959059
GALUi_num1,178.62,Other_species,32988.40869999999,19492.665009937267
PAPPT3,204.052,Other_species,39267.773800000046,18707.126198226168
ACONTa,202.78,Other_species,101724.64050000074,7176.314375866433
ACONTb,202.78,Other_species,101724.64050000074,7176.314375866433
AKGDH,502.85,Other_species,2277980.928600012,794.6774168616674
CS_num1,103.70476667142856,Other_species,85133.2134000001,4385.329122524846
FUM,374.3333333333333,Database,200973.26280000038,6705.369566204791
ICDHyr,16.592,Other_species,80080.2833000005,745.8914671446925
MDH,327.54545454545456,Database,139630.61200000005,8444.879095449614
MDH2,9.9475,Other_species,54831.626700000044,653.108473252718
MDH3,9.9475,Other_species,139630.61200000005,256.46954838241334
PYRC,5.78695,Other_species,123101.8372000007,169.23402992071578
SUCOAS,75.5012,Other_species,144046.54660000018,1886.9200714319636
ACBIPGT,2.1918333333333333,Other_species,18744.2308,420.96152593255516
ACPS1_num1,0.4783178048780487,Other_species,14750.437999999996,116.73850617595055
ADCS,0.2981117,Other_species,67262.27480000028,15.955483563276625
ADOCBIK,0.221,Other_species,18744.2308,42.44505994879235
ADOCBLS,8017.27507255488,fill,32435.794900000044,889825.2794537658
ALATA_D2,0.0597266437716667,Brenda_SA,93080.48380000018,2.309999999999997
ALATA_L2,0.0597266437716667,Brenda_SA,93080.48380000018,2.309999999999997
AMAOTr,15.193350301700017,Brenda_SA,91480.2828000001,597.9
AMPMS2,999.0,Other_species,64819.46120000029,55483.336846989776
ASP1DC,244.09184108479968,Brenda_SA,56587.88479999993,15528.599999999999
BMOCOS_num1,8017.27507255488,fill,42625.68860000004,677107.8945384484
BTS4,168.81702745,Other_species,73711.69960000002,8244.841756708047
BWCOS_num1,8017.27507255488,fill,42625.68860000004,677107.8945384484
CPMPS_num1,0.000725,Other_species,41279.69390000007,0.06322721302930968
CPPPGO2,225.02,Other_species,35703.507000000005,22688.863589786848
DBTS,17.365760416875,Other_species,47709.91639999998,1310.351017524525
DHFR,42.555625,Other_species,16986.04969999999,9019.180604422705
DHFS,0.4166667,Other_species,49199.102400000105,30.488363543803125
DHNCOAT,8017.27507255488,fill,31830.71360000004,906740.2831081216
DHPPDA2_num1,6.166667,Other_species,34365.279400000036,646.0008935646827
DHPS2_num1,77.02221538461538,Other_species,29772.364100000017,9313.334152883586
DHPTPE,8017.27507255488,fill,14020.71719999998,2058538.7929511634
DMATT_num1,0.675,Database,43023.41430000007,56.48087302080988
DMPPS,2.64,Other_species,35602.006000000045,266.9512498818181
DPCOAK,4.969783333333333,Other_species,21662.302800000016,825.9149622818487
DPR,0.0066392957609999,Brenda_SA,31615.694099999968,0.7559999999999893
DXPRIi,4.420241,Other_species,40957.19590000011,388.52434231221275
DXPS,49.35031818181818,Other_species,135758.98020000046,1308.6511492117475
FMNAT,0.4028689363636363,Other_species,37168.530700000054,39.02032562479228
G1SAT,0.51,Other_species,92032.86340000026,19.94939559818145
GDPDPK,8017.27507255488,fill,23932.243000000002,1205996.0389503636
GDPTPDP,2.6358333333333333,Other_species,21379.115599999997,443.84436557328877
GLUCYS,1451.5185,Other_species,42438.338100000045,123130.80186332732
GLUTRR,199.912,Other_species,65758.50510000018,10944.336385165148
GLYOD,30.26505128205128,Other_species,102438.33590000076,1063.6075221071978
GRTT_num1,7.893761928571428,Other_species,43023.41430000007,660.5134298431796
GTHOr,233.7,Other_species,50150.21280000008,16776.000599542793
GTHRDHpp,116.68910714285714,Other_species,67920.03870000028,6184.931483472255
GTPCI,7.2103725,Other_species,214713.54200000002,120.89289179533911
GTPDPDP_num1,3.89325,Other_species,34762.86860000004,403.1801909466121
GTPDPK,15.121666666666666,Other_species,84446.2371000004,644.6468412267448
HETZK,3.163333333333333,Other_species,26911.150599999983,423.17031216049185
HMBS,0.25,Other_species,32008.99880000002,28.117093121950425
HPPK2,499.585,Other_species,18044.162,99672.4591588127
ICHORS,10.242083333333332,Other_species,40372.128000000055,913.2909714345486
IPDDI,2151.6445714285715,Other_species,21120.492299999987,366749.0486073027
IPDPS,2.64,Other_species,35602.006000000045,266.9512498818181
LIPAMPL,8017.27507255488,fill,29351.711000000025,983322.2418004029
LIPATPT,8017.27507255488,fill,29351.711000000025,983322.2418004029
LIPOCT,0.2,Other_species,27322.673099999996,26.351740818507253
MECDPS,2.333333333333333,Other_species,49744.73999999996,168.86207466357257
MEPCT,87.87294117647059,Other_species,27524.35339999998,11493.188727742985
MOCOS_num1,8017.27507255488,fill,42625.68860000004,677107.8945384484
MOHMT,0.781,Other_species,283238.4249999999,9.926619243134123
MPTAT,8017.27507255488,fill,17069.38559999998,1690874.5831600176
MPTS,8017.27507255488,fill,16096.001299999978,1793127.9777666028
MPTSS,8017.27507255488,fill,37392.17940000002,771877.7221420143
NADDP_num1,109.25463121428572,Other_species,26147.17059999999,15042.418102837817
NADK,7.912307692307692,Database,31154.95240000001,914.2786458665134
NADPPPS_num1,8017.27507255488,fill,35171.90080000004,820603.6524815155
NADS1,0.3166666666666666,Other_species,60851.45620000001,18.734144935713136
NNAM,15.08459,Other_species,20122.157600000006,2698.7426040237347
NNDMBRT,37.924,Other_species,37443.24290000005,3646.222640614278
NNDPR,400.852,Other_species,29375.97480000001,49124.06174858237
NPHS,0.1363125,Other_species,35539.20750000002,13.807989387495478
OCTDPS,8017.27507255488,fill,37822.209600000024,763101.6423006009
OCTNLL,8017.27507255488,fill,29351.711000000025,983322.2418004029
OHPBAT,0.9214285714285716,Other_species,40045.63320000005,82.8340718344005
OMBZLM,8017.27507255488,fill,25244.4262,1143309.4193758133
PANTS_num1,2.227222222222222,Other_species,59775.67479999998,134.13483037752346
PMPK,0.05434,Other_species,80354.45890000054,2.434513313610263
PNTK,0.3881818181818182,Other_species,35315.15200000003,39.57096221629017
PPBNGS,254.4625,Other_species,36793.062400000024,24897.764422023196
PPCDC,1.86666665,Other_species,43855.283700000065,153.2312499896105
PPGPPDP,15.121666666666666,Other_species,84446.2371000004,644.6468412267448
PPNCL2,1.81833333,Other_species,43855.283700000065,149.26365618289205
PPPGO,1.44043108303,Other_species,45699.00150000011,113.47188622727322
PPPGO3,1.44043108303,Other_species,45699.00150000011,113.47188622727322
PTPATi,10.478768555555556,Other_species,105448.85039999997,357.7427981139946
PY5PSH,0.016436,Other_species,655015.6032000005,0.0903331152890618
PYDAMK,0.6681176470588235,Other_species,56071.918300000005,42.895331608652384
PYDXK,0.6681176470588235,Other_species,56071.918300000005,42.895331608652384
PYDXNK,0.6681176470588235,Other_species,56071.918300000005,42.895331608652384
RBFSa,0.0465222222222222,Other_species,16475.38749999999,10.165466517858837
RBFSb,0.5868883333333333,Other_species,22561.06,93.64799348966758
RZ5PP,8017.27507255488,fill,28627.73200000001,1008189.8999612529
SEPHCHCS,8017.27507255488,fill,114571.88320000021,251913.37922599073
SUCBZL,59.09333333333333,Other_species,46379.322600000014,4586.871650428114
TDPDSH,123.199,Other_species,49152.16180000011,9023.334554534262
TMPK,0.063,Other_species,34848.84630000004,6.508106410397859
TMPPP_num1,999.0,Other_species,80354.45890000054,44756.6948895225
TRATF_num1,3.7,Other_species,47395.97050000011,281.03654929905844
UDCPDPS,1.8239523957142856,Other_species,56451.498400000004,116.31628585028714
UPP3MT_num1,12.673703706666666,Other_species,63472.30490000018,718.8226962276246
UPP3S,286.086,Other_species,63472.30490000018,16226.125735036874
UPPDC1,333.147,Other_species,76825.3090000001,15611.121069490244
WCOS_num1,8017.27507255488,fill,42625.68860000004,677107.8945384484
RBFK,3.952,Other_species,37168.530700000054,382.7754213593377
AMPTASECG_num1,239.12731707317076,Other_species,96093.53880000084,8958.545519435145
BPNT,10.716666666666669,Other_species,27281.362700000005,1414.1522336785617
CYSS,238.0,Database,32517.357500000016,26349.004527812554
MCPST_num1,354.759,Other_species,33493.81449999999,38130.39568843376
PAPSR,0.6108888888888889,Other_species,25361.3372,86.71467054978473
PAPSR2,0.6108888888888889,Other_species,25361.3372,86.71467054978473
SADT2,39.5642,Other_species,81218.04550000012,1753.688101248383
SERAT,1026.58444,Other_species,19492.143799999994,189599.6675337477
SULRi,33949.0,Other_species,113121.35840000007,1080400.7459655816
5FTHFC,114.29444444444444,Other_species,20577.296399999992,19995.82413557498
FOMETRi,8017.27507255488,fill,20577.296399999992,1402623.0511602866
MTHFC,2231.975,Other_species,60298.613000000005,133255.30389894705
MTHFD,94.9512,Other_species,60298.613000000005,5668.858751361328
MTHFR2,108.0259261111111,Other_species,36226.586900000024,10735.02549587413
TMDS2,0.0072,Other_species,112257.53920000006,0.23089763221889675
GLNS_num1,127.194,Other_species,53299.847800000054,8590.988884587388
GLUDy,1353.1333333333334,Database,293925.99600000045,16573.151290775902
GLUN,434.370722225,Other_species,178989.73720000038,8736.448382304216
GLUSy,23.6,Other_species,219039.4420000002,387.8753489519934
ACPPAT120,8017.27507255488,fill,10366.238399999984,2784249.1314108325
ACPPAT140,8017.27507255488,fill,10366.238399999984,2784249.1314108325
ACPPAT141,8017.27507255488,fill,10366.238399999984,2784249.1314108325
ACPPAT160,8017.27507255488,fill,10366.238399999984,2784249.1314108325
ACPPAT161,8017.27507255488,fill,10366.238399999984,2784249.1314108325
ACPPAT180,8017.27507255488,fill,10366.238399999984,2784249.1314108325
ACPPAT181,8017.27507255488,fill,10366.238399999984,2784249.1314108325
APH140,1085.964285825,Other_species,10662.863699999996,366643.6652444503
DASYN120,5.806666666666667,Other_species,30733.134600000016,680.177934079005
DASYN140,5.806666666666667,Other_species,30733.134600000016,680.177934079005
DASYN141,5.806666666666667,Other_species,30733.134600000016,680.177934079005
DASYN160,5.806666666666667,Other_species,30733.134600000016,680.177934079005
DASYN161,5.806666666666667,Other_species,30733.134600000016,680.177934079005
DASYN180,5.806666666666667,Other_species,30733.134600000016,680.177934079005
DASYN181,5.806666666666667,Other_species,30733.134600000016,680.177934079005
G3PAT120_num1,0.029745,Other_species,51947.94010000007,2.061332938204413
G3PAT140_num1,0.029745,Other_species,51947.94010000007,2.061332938204413
G3PAT141_num1,0.029745,Other_species,51947.94010000007,2.061332938204413
G3PAT160_num1,0.029745,Other_species,51947.94010000007,2.061332938204413
G3PAT161_num1,0.029745,Other_species,51947.94010000007,2.061332938204413
G3PAT180_num1,0.029745,Other_species,51947.94010000007,2.061332938204413
G3PAT181_num1,0.029745,Other_species,51947.94010000007,2.061332938204413
GPDDA2,2.0446,Other_species,57373.390000000014,128.2922274594546
GPDDA3,2.0446,Other_species,57373.390000000014,128.2922274594546
GPDDA4,2.0446,Other_species,57373.390000000014,128.2922274594546
GPDDA5,2.0446,Other_species,57373.390000000014,128.2922274594546
LPLIPAL1A180pp_num1,1034.85,Other_species,35813.96650000001,104022.54662297734
GHMT2r,0.0597266437716667,Brenda_SA,93080.48380000018,2.309999999999997
GLYCK2,275.0,Other_species,48197.86580000005,20540.32857197588
PGCD,274.0,Database,55300.926400000106,17836.952546964894
PSERT,0.9214285714285716,Other_species,40045.63320000005,82.8340718344005
PSP_L,384.062843,Other_species,36240.626900000054,38151.27808398916
SARCOX,2.7951863157894734,Other_species,30962.798400000007,324.99228935463736
SERD_L,317.218,Other_species,46562.44430000005,24525.877392566326
ENO,66.2408972972973,Other_species,44948.82740000005,5305.3048113613295
FBA,7.543924240909091,Other_species,37213.61340000001,729.7901167338059
FBP,3.2,Database,141475.46840000013,81.4275445084866
GAPD_num1,6.45,Database,39232.88790000006,591.850389886796
GLBRAN2,500.075,Other_species,82591.99560000043,21797.148584698814
GLCP_num1,88.96070909090909,Other_species,92099.65480000067,3477.3045938416526
GLCP2_num1,88.96070909090909,Other_species,92099.65480000067,3477.3045938416526
GLCS1,303.75,Other_species,44931.681100000074,24336.94830082817
GLGC,104.63045454545454,Other_species,175439.88760000013,2147.001126804393
HEX1,119.03364363636364,Other_species,34186.402600000045,12534.840887028824
PDH,486.0,Other_species,2277980.928600012,768.0485723272753
PFK,80.562,Other_species,74926.25080000008,3870.7822279024226
PGI,1231.8181818181818,Other_species,59165.712000000174,74951.27337511702
PGK,106.74176625000015,Brenda_SA,42696.706500000066,8999.999999999998
PGM_num1,294.38454545454545,Other_species,23104.858,45868.464702806814
PPS,429.1593125,Other_species,113444.81880000018,13618.722664837978
PYK_num1,849.98,Database,205881.33600000053,14862.580841227842
TPI,11085.09090909091,Other_species,54404.93979999999,733505.5864307247
GLYCK,275.0,Other_species,16319.490699999993,60663.65784319485
ATPPRT,1.91,Database,30229.114400000006,227.46283298329107
HISTD,5.091545454545455,Other_species,46770.7412000001,391.9023553204583
HISTP,0.5265,Database,27892.8008,67.95301818525158
HSTPT_num1,2.85,Database,36449.61920000005,281.48442220213883
IGPDH,1000.0,Other_species,21913.590400000012,164281.6140252397
PRAMPC,4.2175,Other_species,26080.980999999974,582.1483478708111
PRMICI,7.91625,Other_species,26608.541200000007,1071.0282756876575
PRPPS,45.42,Other_species,213301.1478000002,766.578153406448
CA2t3pp,8017.27507255488,fill,36952.915900000036,781053.1201192039
CAt6pp_num1,8017.27507255488,fill,54060.67930000008,533885.0831124781
COBALT2abcpp,8017.27507255488,fill,42258.81100000005,682986.3306186616
COBALT2tpp,8017.27507255488,fill,27090.877999999997,1065384.0846796317
CYANSTpp_num1,129.49428807142857,Other_species,33493.81449999999,13918.374004762669
FDMO,8017.27507255488,fill,35549.08860000003,811896.7714181439
FE3abcpp_num1,8017.27507255488,fill,95643.75400000003,301767.6435117505
FEROpp,0.8543999812,Other_species,18066.041799999985,170.2553313211089
Kabcpp_num1,8017.27507255488,fill,36273.27870000002,795687.3846421156
Kt2pp,8017.27507255488,fill,68625.23880000011,420576.9009462088
Kt3pp,8017.27507255488,fill,68625.23880000011,420576.9009462088
MG2t3_2pp_num1,8017.27507255488,fill,47316.335600000086,609983.6324011008
MN2tpp,8017.27507255488,fill,27090.877999999997,1065384.0846796317
NAt3_1p5pp_num1,8017.27507255488,fill,54060.67930000008,533885.0831124781
NAt3_2pp_num1,8017.27507255488,fill,54060.67930000008,533885.0831124781
NAt3pp,8017.27507255488,fill,34740.21240000008,830800.6274940767
NH4tpp_num1,8017.27507255488,fill,45405.226000000046,635657.8923579754
NO3t7pp,8017.27507255488,fill,48842.04090000008,590929.2431143582
PIt2rpp,8017.27507255488,fill,43961.3903000001,656534.9745364515
PIuabcpp,8017.27507255488,fill,135444.8304000001,213091.85574643794
PPTHpp,1193.863548387097,Other_species,50796.87810000012,84609.70309499274
SFRD,30.49533333333333,Other_species,62992.50870000005,1742.7977114364378
SULabcpp,8017.27507255488,fill,53556.69,538909.1495609152
ZN2abcpp_num1,8017.27507255488,fill,87040.0793000001,331596.5529134983
ZN2t3pp,8017.27507255488,fill,27090.877999999997,1065384.0846796317
CD2tpp,8017.27507255488,fill,27090.877999999997,1065384.0846796317
CU2tpp,8017.27507255488,fill,79314.24850000044,363896.661785775
FE2tpp_num1,8017.27507255488,fill,27090.877999999997,1065384.0846796317
MI1PS,2.03814,Other_species,39222.89170000002,187.06688064001142
MI2DH_num1,58.0,Other_species,145723.70760000023,1432.8485284847343
UAGAAT_num1,9.166666666666666,Other_species,51947.94010000007,635.2513677438376
ACACT1r,250225.12,Other_species,42589.73690000003,21150880.41316356
ACCOAC_num1,10.213722222222222,Other_species,52238.23980000008,703.8790001496172
ACOAD1f,8017.27507255488,fill,43527.88540000008,663073.5675755459
ACOAD2f,8017.27507255488,fill,43527.88540000008,663073.5675755459
ACOAD3f,8017.27507255488,fill,43527.88540000008,663073.5675755459
ACOAD4f,8017.27507255488,fill,43527.88540000008,663073.5675755459
ACOAD5f,8017.27507255488,fill,43527.88540000008,663073.5675755459
ACOAD6f,8017.27507255488,fill,43527.88540000008,663073.5675755459
ACOAD7f,8017.27507255488,fill,43527.88540000008,663073.5675755459
ACOAD8f,8017.27507255488,fill,43527.88540000008,663073.5675755459
ACOATA_num1,17.168145925555557,Other_species,51947.94010000007,1189.755074272905
KAS14_num1,0.1708571428571428,Other_species,14750.437999999996,41.699488129485665
KAS15_num1,10.381983333333334,Other_species,14750.437999999996,2533.832554667191
MCOATA_num1,92.33634818181818,Other_species,51947.94010000007,6398.922706360497
ACHACB,941.2701672666672,Brenda_SA,280510.9770000002,12079.999999999998
AHCYSNS,1.74599625,Other_species,22192.09929999999,283.2353269075361
CYSTL,1998.5073727272727,Other_species,35569.89750000005,202267.28350336605
HSST_num1,0.8935,Other_species,82355.25740000003,39.05761576795216
METAT,0.9518819739285714,Other_species,176704.1516000003,19.392725496908195
METS,170.34306666666666,Other_species,214717.15470000095,2856.0132554699753
METSOXR1_num1,0.05333333,Other_species,13637.688199999988,14.078631596812732
SHSL1_num1,14.128883307000017,Brenda_SA,41657.64120000005,1221.0
GLYOX,454.7897614285714,Other_species,53555.401000000114,30571.01824600013
LGTHL,144.98947368421054,Other_species,15924.732199999979,32776.82153192873
MCTP1App,8017.27507255488,fill,76166.84400000039,378933.78201671876
MCTP1Bpp,8017.27507255488,fill,76166.84400000039,378933.78201671876
MCTP2App,8017.27507255488,fill,76166.84400000039,378933.78201671876
MDDCP3pp,39.06617948717949,Other_species,82828.45540000008,1697.946019573438
MDDCP4pp,39.06617948717949,Other_species,82828.45540000008,1697.946019573438
MDDCP5pp,39.06617948717949,Other_species,82828.45540000008,1697.946019573438
MPTG_num1,8017.27507255488,fill,76166.84400000039,378933.78201671876
MPTG2_num1,8017.27507255488,fill,76166.84400000039,378933.78201671876
AGM4PApp,8017.27507255488,fill,42197.38030000007,683980.6181332428
NHFRBO_num1,8017.27507255488,fill,43817.96310000005,658683.9784252212
NO3R1bpp,335.0133333333333,Other_species,255135.9711000004,4727.079426708084
NO3R2bpp,335.0133333333333,Other_species,255135.9711000004,4727.079426708084
3NTD7pp,8017.27507255488,fill,72286.71450000032,399273.7871797651
3NTD9pp,8017.27507255488,fill,72286.71450000032,399273.7871797651
ADK1,32.576099996,Other_species,19426.71540000001,6036.736399895988
ADK2,32.576099996,Other_species,19426.71540000001,6036.736399895988
ADK3,8017.27507255488,fill,21799.999100000012,1323953.7363649504
ADK4,8017.27507255488,fill,21799.999100000012,1323953.7363649504
ADNCYC,389.699278126875,Other_species,37721.78240000007,37191.17475362849
ADNK1,8017.27507255488,fill,19426.71540000001,1485695.840337351
ADPRDP,16.53705882352941,Other_species,23723.930099999994,2509.42451414093
ADPT,4.7568125,Other_species,39126.30839999997,437.6729034830184
AMPN,41.333333333333336,Other_species,53144.60900000006,2799.907700892104
AP5AH,8017.27507255488,fill,36408.956700000024,792722.255103716
CYTK1,91.2311111111111,Other_species,24138.920399999995,13605.910892352918
CYTK2,91.2311111111111,Other_species,24138.920399999995,13605.910892352918
DCTPD_num1,257.71,Other_species,62064.735599999956,14948.19869981047
DGK1,272.12,Other_species,20656.945400000004,47423.85580396605
DTMPK,2.8220666666666667,Other_species,22377.862399999987,453.9951054484992
DUTPDP,16.87076923076923,Other_species,15863.01489999998,3828.7027789887097
GK1,272.12,Other_species,20656.945400000004,47423.85580396605
GP4GH,8017.27507255488,fill,55764.914199999985,517568.98894677364
GSNHYDRO_num1,14.496153846153849,Other_species,35257.424200000016,1480.1465231868478
GUAPRT,4.52585,Other_species,22046.881300000012,739.0188107920729
HXPRT_num1,4.52585,Other_species,33956.41260000002,479.82277138427725
INSH,14.496153846153849,Other_species,32751.828100000046,1593.3814041407288
NDPK1,186.27745833333333,Other_species,59198.19599999994,11328.028475732617
NDPK2,186.27745833333333,Other_species,59198.19599999994,11328.028475732617
NDPK3,186.27745833333333,Other_species,59198.19599999994,11328.028475732617
NDPK4,186.27745833333333,Other_species,59198.19599999994,11328.028475732617
NDPK5,186.27745833333333,Other_species,59198.19599999994,11328.028475732617
NDPK6,186.27745833333333,Other_species,59198.19599999994,11328.028475732617
NDPK7,186.27745833333333,Other_species,59198.19599999994,11328.028475732617
NDPK8,186.27745833333333,Other_species,59198.19599999994,11328.028475732617
NNATr,12.058166666666668,Other_species,24580.468999999994,1766.0118690168206
NTD1,82.55666666666667,Other_species,72286.71450000032,4111.460896455582
NTD10,82.55666666666667,Other_species,72286.71450000032,4111.460896455582
NTD11,82.55666666666667,Other_species,72286.71450000032,4111.460896455582
NTD12,82.55666666666667,Other_species,72286.71450000032,4111.460896455582
NTD2,82.55666666666667,Other_species,72286.71450000032,4111.460896455582
NTD3,82.55666666666667,Other_species,72286.71450000032,4111.460896455582
NTD4,82.55666666666667,Other_species,72286.71450000032,4111.460896455582
NTD5,82.55666666666667,Other_species,72286.71450000032,4111.460896455582
NTD6,82.55666666666667,Other_species,72286.71450000032,4111.460896455582
NTD7,82.55666666666667,Other_species,72286.71450000032,4111.460896455582
NTD8,82.55666666666667,Other_species,72286.71450000032,4111.460896455582
NTD9,82.55666666666667,Other_species,72286.71450000032,4111.460896455582
NTPTP1,4000.0,Other_species,46150.351800000106,312023.6236205672
NTPTP2,4000.0,Other_species,46150.351800000106,312023.6236205672
RNDR1,1.046002377583338,Brenda_SA,118415.36350000053,31.8
RNDR1b,8017.27507255488,fill,80360.53450000047,359158.7641965896
RNDR2,1.046002377583338,Brenda_SA,118415.36350000053,31.8
RNDR2b,8017.27507255488,fill,80360.53450000047,359158.7641965896
RNDR3,1.046002377583338,Brenda_SA,118415.36350000053,31.8
RNDR3b,8017.27507255488,fill,80360.53450000047,359158.7641965896
RNDR4,1.046002377583338,Brenda_SA,118415.36350000053,31.8
RNDR4b,8017.27507255488,fill,80360.53450000047,359158.7641965896
RNTR2c,8017.27507255488,fill,10917.149099999991,2643747.923273998
RNTR3c,8017.27507255488,fill,10917.149099999991,2643747.923273998
RNTR4c,8017.27507255488,fill,10917.149099999991,2643747.923273998
TMDS,417.1682219400002,Brenda_SA,60459.162600000025,24840.0
UMPK,147.5,Other_species,157097.34600000008,3380.0698326246693
UPPRT_num1,2.1397,Other_species,22522.586999999992,342.0086688975828
URIDK2r,2.8220666666666667,Other_species,22377.862399999987,453.9951054484992
XTSNH_num1,14.496153846153849,Other_species,33530.99160000002,1556.355817587984
ATPS4rpp,107.38777777777776,Other_species,248590.4368000003,1555.152342046971
CAT,157615.0,Other_species,57219.487900000044,9916446.66571718
CRNCAL2,8017.27507255488,fill,63714.44920000022,452992.8552093246
CRNDCAL2,8017.27507255488,fill,63714.44920000022,452992.8552093246
CTBTCAL2,8017.27507255488,fill,63714.44920000022,452992.8552093246
CYTBD2pp,44.29294117647059,Other_species,142719.9730000003,1117.2548935059974
CYTBDpp,44.29294117647059,Other_species,142719.9730000003,1117.2548935059974
CYTBO3_4pp,44.29294117647059,Other_species,142719.9730000003,1117.2548935059974
G3PD5,33.3,Other_species,61514.93820000022,1948.7949351463308
LDH_D2,161.88621545454546,Other_species,63722.110700000245,9145.810916090095
NADH16pp,720.1094060850043,Brenda_SA,272596.6206000016,9510.0
NADH17pp,720.1094060850043,Brenda_SA,272596.6206000016,9510.0
NADH18pp,720.1094060850043,Brenda_SA,272596.6206000016,9510.0
NADH5,56.06028106249999,Brenda_SA,21221.557499999995,9510.0
NADPHQR2_num1,81.48538461538462,Other_species,34660.560100000046,8463.434629130077
NADPHQR3_num1,81.48538461538462,Other_species,34660.560100000046,8463.434629130077
NADPHQR4_num1,81.48538461538462,Other_species,34660.560100000046,8463.434629130077
NO3R1pp,335.0133333333333,Other_species,255135.9711000004,4727.079426708084
POX,370.0,Other_species,61949.663500000126,21501.327444659924
SPODM,50519.8,Other_species,22101.366199999997,8228960.977082042
TRDR,14.073055,Other_species,50590.38880000003,1001.4352370424947
L_LACD2,137.01683783783784,Other_species,43980.84790000005,11215.350311975582
L_LACD3,137.01683783783784,Other_species,43980.84790000005,11215.350311975582
G6PDH2r,1174.2029,Other_species,54242.362900000124,77930.42585170991
GND,37.753022056923406,Brenda_SA,52578.3697000001,2584.9200000000005
PGL,3.575,Other_species,24478.009899999997,525.7780372088174
RPE,1332.4597777777778,Other_species,23869.71479999999,200959.88746375812
RPI,7273.677142857143,Other_species,16987.623999999996,1541430.2620711243
TALA,154.62857142857143,Other_species,38328.480000000054,14523.478550228352
TKT1,64521.705882352944,Other_species,72405.24720000032,3208029.116106237
TKT2,154.62857142857143,Other_species,38328.480000000054,14523.478550228352
ADSL1r,123.31,Other_species,52234.97390000013,8498.443989841811
ADSL2r,123.31,Other_species,52234.97390000013,8498.443989841811
ADSS,77.78661538461539,Other_species,93536.97860000009,2993.8086474028482
AICART,5.363333333333333,Other_species,55758.90380000019,346.276534941491
AIRC2+AIRC3_reverse,12.6186,Other_species,83462.06960000009,544.2826929371993
ASPCT,97.48194416666666,Other_species,406723.1544000005,862.8350641057075
CTPS2,3.4370333333333334,Other_species,242292.2772000004,51.06774406097323
DHORD2,96.02483185183333,Other_species,39560.88880000002,8738.160469908345
DHORD5,8017.27507255488,fill,39560.88880000002,729563.7468387099
DHORTS,64.35333333333334,Other_species,406723.1544000005,569.6061251830214
GARFT,6.3756,Other_species,110167.48810000019,208.3387793971129
GMPS2,88.30191666666667,Other_species,111971.10640000014,2839.008296161657
IMPD_num1,6.985,Other_species,213441.4764000004,117.81215358946962
OMPDC,120.18148148148148,Other_species,28919.30839999999,14960.70816594402
ORPT,262.62268,Other_species,38889.66019999997,24310.874487918532
PRAGSr,203.34,Other_species,43544.64990000001,16810.882661385225
PRFGS,499.525,Other_species,113124.24060000035,15896.592900531652
ACALD,8.8213,Other_species,38867.74190000004,817.0446351554057
ACKr,494.38461538461536,Other_species,86182.93740000002,20651.241058588177
ALCD2x_num1,292.8888888888889,Other_species,36811.41970000001,28643.285387876516
FHL,8017.27507255488,fill,97859.95690000005,294933.6089601073
LDH_D,883.2818489156626,Other_species,63722.110700000245,49901.276357067894
PTAr,366.3721052631579,Other_species,35237.6429,37429.84690236952
LDH,771.7073888888889,Other_species,137619.5368000001,20187.15267177093
ASAD,0.01689869804,Brenda_SA,72422.99160000002,0.8399999999999997
ASPK,0.02536070744,Brenda_SA,44754.18960000008,2.0399999999999965
DAPDC_num1,18.235,Other_species,94821.20040000019,692.3135303399921
DAPDH,108.92744444444445,Database,70397.94340000005,5570.316135115955
DAPE,71.69108333333334,Other_species,58405.26679999999,4418.914836632509
DHDPS,213.0,Database,125045.43360000003,6132.171147111763
HSDy,773.1900027000014,Brenda_SA,46437.83800000008,59940.0
HSK,10.715428571428571,Other_species,79057.4653000001,487.9430767323476
SDPDS,175.03814666666668,Other_species,39973.75570000007,15763.775931617027
SDPTA,24.0,Other_species,44323.21970000006,1949.3168723931824
THDPS_num1,8017.27507255488,fill,93509.48189999998,308655.22591669473
THRS,3.175837452000011,Brenda_SA,52930.62420000019,216.0
ABUTt2pp,8017.27507255488,fill,29894.043200000004,965482.9916482347
ABUTtex,8017.27507255488,fill,29894.043200000004,965482.9916482347
ACt2rpp,8017.27507255488,fill,57267.730100000095,503986.97854444076
ALAabcpp,8017.27507255488,fill,33754.665900000036,855057.7969488224
ARBabcpp,8017.27507255488,fill,77282.55130000011,373463.21744941577
ARBt3ipp,8017.27507255488,fill,33053.27929999996,873202.0202666429
ARBTptspp,8017.27507255488,fill,42352.59060000009,681474.0220683811
ARGORNt7pp,8017.27507255488,fill,53629.27280000007,538179.780450007
ASCBptspp,8017.27507255488,fill,42352.59060000009,681474.0220683811
CHTBSptspp,8017.27507255488,fill,59665.890700000244,483730.1500503277
CITt7pp,8017.27507255488,fill,51144.3682000001,564327.8287910792
CTBTt2rpp,8017.27507255488,fill,54274.909400000084,531777.7695119934
CUt3,8017.27507255488,fill,77416.78010000044,372815.68962072354
DALAt2pp,8017.27507255488,fill,48690.28870000007,592770.9823005738
DSERt2pp,8017.27507255488,fill,48690.28870000007,592770.9823005738
FE3DHBZStonex,8017.27507255488,fill,58607.624800000114,492464.7664820144
FRUpts2pp,8017.27507255488,fill,59665.890700000244,483730.1500503277
FRUURt2rpp,8017.27507255488,fill,47232.63890000006,611064.5293883322
FUMt2_2pp,8017.27507255488,fill,47236.07810000005,611020.0385412086
G3PCabcpp,8017.27507255488,fill,156521.3224000001,184397.81761770725
G3PEabcpp,8017.27507255488,fill,156521.3224000001,184397.81761770725
G3PGabcpp,8017.27507255488,fill,156521.3224000001,184397.81761770725
G3PIabcpp,8017.27507255488,fill,156521.3224000001,184397.81761770725
G3PSabcpp,8017.27507255488,fill,156521.3224000001,184397.81761770725
GALTptspp,8017.27507255488,fill,59665.890700000244,483730.1500503277
GAMptspp,8017.27507255488,fill,59665.890700000244,483730.1500503277
GLCabcpp,8017.27507255488,fill,97941.801,294687.15059872717
GLUabcpp,8017.27507255488,fill,112539.53140000002,256462.6838422891
GLYBabcpp_num1,8017.27507255488,fill,192625.6767000006,149835.63331563617
GLYC2Pabcpp,8017.27507255488,fill,156521.3224000001,184397.81761770725
GLYC3Pabcpp,8017.27507255488,fill,156521.3224000001,184397.81761770725
GTHRDabc2pp,8017.27507255488,fill,180059.7144000003,160292.32500658417
ILEt2rpp,8017.27507255488,fill,44831.84830000004,643787.6499773386
LEUt2rpp_num1,8017.27507255488,fill,27333.038400000012,1055945.1839498954
LYSabcpp,8017.27507255488,fill,25081.59459999999,1150731.8701817142
LYSt2pp,8017.27507255488,fill,53629.27280000007,538179.780450007
MALTabcpp,8017.27507255488,fill,121309.67520000019,237921.5855092614
MALTptspp,8017.27507255488,fill,59665.890700000244,483730.1500503277
METabcpp,8017.27507255488,fill,94594.12540000008,305116.09615450335
MNt2pp,8017.27507255488,fill,20061.501899999992,1438685.4187221937
NO3tex,8017.27507255488,fill,48842.04090000008,590929.2431143582
PA120abcpp_num1,8017.27507255488,fill,87329.29130000003,330498.3909928691
PA140abcpp_num1,8017.27507255488,fill,87329.29130000003,330498.3909928691
PA141abcpp_num1,8017.27507255488,fill,87329.29130000003,330498.3909928691
PA160abcpp_num1,8017.27507255488,fill,87329.29130000003,330498.3909928691
PA161abcpp_num1,8017.27507255488,fill,87329.29130000003,330498.3909928691
PA180abcpp_num1,8017.27507255488,fill,87329.29130000003,330498.3909928691
PA181abcpp_num1,8017.27507255488,fill,87329.29130000003,330498.3909928691
PGP120abcpp_num1,8017.27507255488,fill,87329.29130000003,330498.3909928691
PGP140abcpp_num1,8017.27507255488,fill,87329.29130000003,330498.3909928691
PGP141abcpp_num1,8017.27507255488,fill,87329.29130000003,330498.3909928691
PGP160abcpp_num1,8017.27507255488,fill,87329.29130000003,330498.3909928691
PGP161abcpp_num1,8017.27507255488,fill,87329.29130000003,330498.3909928691
PGP180abcpp_num1,8017.27507255488,fill,87329.29130000003,330498.3909928691
PGP181abcpp_num1,8017.27507255488,fill,87329.29130000003,330498.3909928691
PHEMEabcpp_num1,8017.27507255488,fill,87329.29130000003,330498.3909928691
PROabcpp,8017.27507255488,fill,66268.83220000006,435531.8979228601
PROt4pp,8017.27507255488,fill,56646.71450000013,509512.1670507034
PSERtex_num1,8017.27507255488,fill,41250.81990000006,699675.5538717796
RIBabcpp,8017.27507255488,fill,120919.5478,238689.20109538792
SPMDabcpp,8017.27507255488,fill,133143.22440000018,216775.5091651328
THMabcpp,8017.27507255488,fill,95618.53820000007,301847.2233995892
TREptsp_num1,8017.27507255488,fill,59665.890700000244,483730.1500503277
TREptspp_num1,8017.27507255488,fill,59665.890700000244,483730.1500503277
TRPt2rpp,8017.27507255488,fill,49267.6267000001,585824.6518945373
URAt2pp_num1,8017.27507255488,fill,50443.91170000011,572163.9993513331
URAt2rpp_num1,8017.27507255488,fill,50443.91170000011,572163.9993513331
UREAtpp,8017.27507255488,fill,175767.81819999998,164206.34082375822
VALt2rpp,8017.27507255488,fill,44831.84830000004,643787.6499773386
XANt2pp_num1,8017.27507255488,fill,50443.91170000011,572163.9993513331
XYLUt2pp,8017.27507255488,fill,49820.40310000008,579324.7036412983
ALATRS_num1,8017.27507255488,fill,96224.45300000069,299946.5246240201
ARGTRS_num1,8017.27507255488,fill,59722.312500000124,483273.1529141225
ASPTRS,8017.27507255488,fill,134018.70080000072,215359.42438562587
CYSTRS_num1,8017.27507255488,fill,51046.5241000001,565409.5116183928
FMETTRS_num1,12.649192307692308,Other_species,33589.64190000001,1355.6885316985858
GLNTRS,112.51211111111112,Other_species,116722.74150000015,3470.1343953611604
GLUTRS_num1,1.2668428571428572,Other_species,87941.30590000008,51.859979096743
GLYTRS_num1,8017.27507255488,fill,106086.52780000017,272062.7289792166
ILETRS_num1,20.543333333333333,Other_species,117402.43270000065,629.9358394811148
LEUTRS_num1,9.298846274509804,Other_species,106777.27010000052,313.5109799762069
LYSTRS_num1,8017.27507255488,fill,117852.28380000018,244901.40819144252
METTRS_num1,6.187476190476191,Other_species,67618.3354000002,329.4212162122261
PHETRS,20.840466666666668,Other_species,254560.93900000118,294.72581415957006
PROTRS_num1,50.800275862068965,Other_species,128661.62360000041,1421.4105806095833
SERTRS_num1,1.803436206896552,Other_species,92942.14300000013,69.85389119796363
SERTRS2,1.803436206896552,Other_species,92942.14300000013,69.85389119796363
THRTRS_num1,23.481176470588235,Other_species,155240.05940000064,544.5259143859699
TRPTRS,9.55,Other_species,75652.13160000005,454.4485300398327
TYRTRS,6.196153846153846,Other_species,92889.29820000018,240.13696172110605
VALTRS_num1,14.6324,Other_species,101584.12620000068,518.551883748936
ANPRT,0.0598333964433334,Brenda_SA,73265.38340000014,2.939999999999998
ANS,8.2855,Other_species,156517.12100000022,190.57212277754562
CHORM,1.05,Database,11532.071499999991,327.78152650198217
CHORS,0.43915,Other_species,174931.89720000015,9.037459864695268
DDPA,0.6887,Database,90032.30260000011,27.53811608057214
DHQS,1476.1764705882354,Other_species,38857.68100000005,136761.51425808558
DHQTi,52.26,Database,185368.90679999985,1014.9274937624014
IGPS,4.483666666666667,Other_species,50476.53320000012,319.7763193451638
PHETA1_num1,2.85,Database,36449.61920000005,281.48442220213883
PPND,37.441818181818185,Other_species,36289.59930000002,3714.3023911687387
PPNDH,0.002,Database,33739.434400000035,0.21340013927441512
PRAIi,4.483666666666667,Other_species,50476.53320000012,319.7763193451638
PSCVT,5.67,Other_species,45527.32590000005,448.34612172993843
SHK3Dr_num1,121.6825,Database,28870.2389,15173.307069516492
SHKK,65.87383333333334,Other_species,18381.7814,12901.13263995186
TRPS1,20.55881363636364,Other_species,147740.78900000005,500.95663893407993
TRPS2,20.55881363636364,Other_species,147740.78900000005,500.95663893407993
TRPS3,20.55881363636364,Other_species,147740.78900000005,500.95663893407993
TYRTA_num1,2.85,Database,36449.61920000005,281.48442220213883
INPSHE,4.483666666666667,Other_species,50476.53320000012,319.7763193451638
ACHBS,64.40225,Other_species,85593.6848000002,2708.7056777814923
ACLS,64.40225,Other_species,85593.6848000002,2708.7056777814923
DHAD1,14.895461538461538,Other_species,129346.78940000027,414.57280684897637
DHAD2,14.895461538461538,Other_species,129346.78940000027,414.57280684897637
ILETA,14.409230769230769,Other_species,41690.674299999984,1244.2406279149768
IPMD,47.95325,Other_species,72288.42920000014,2388.095880772018
IPPMIa,3.2,Other_species,73902.9218000001,155.88016981488255
IPPMIb,3.2,Other_species,73902.9218000001,155.88016981488255
IPPS,2.584911764705882,Other_species,136373.84220000054,68.23656357275486
KARA1,1.51457,Database,36158.381400000006,150.7935861310429
KARA2,1.51457,Database,36158.381400000006,150.7935861310429
THRD_L_num1,26048.67963750001,Brenda_SA,32059.913400000016,2924999.9999999995
VALTA,14.409230769230769,Other_species,41690.674299999984,1244.2406279149768
LEUTAi,14.409230769230769,Other_species,41690.674299999984,1244.2406279149768
ALAR_reverse,275.128125,Other_species,78346.4468000001,12642.069812411692
ALATA_L_reverse,1.29,Other_species,46748.85590000004,99.33932950004015
ASPTA_reverse,452.2572727272727,Other_species,47295.002600000065,34424.90944737107
2METS_reverse,18.301538461538463,Other_species,85189.59560000009,773.3988874756251
ALCD19_reverse_num1,292.8888888888889,Other_species,37284.043600000055,28280.19437247945
ARAI_reverse_num1,191.76103448275865,Other_species,7458.6584,92555.48211430773
DHACOAH_reverse,8017.27507255488,fill,36529.61010000005,790103.9781751607
GUI1_reverse,67.86666666666666,Other_species,57453.80120000014,4252.460148798638
HCO3E_reverse,2907913.636363636,Other_species,22228.03730000002,470958769.3065945
MALGT_reverse,105.25666666666666,Other_species,69449.90270000021,5456.076758477573
MAN1PG_reverse,104.49166666666667,Other_species,37033.46390000001,10157.569948513508
MAN6PI_reverse,22925.15333333333,Other_species,42833.65220000009,1926768.9716171299
MCITL2_reverse_num1,63.21666666666667,Other_species,133657.83880000003,1702.7059695356975
MM_COA_ADD5_reverse,3.84,Other_species,57996.135500000055,238.36070939588703
PGMT_reverse,80.77727272727273,Other_species,59206.42900000016,4911.598060038058
PMANM_reverse_num1,24.803846153846155,Other_species,62579.15660000019,1426.8943687529002
UDPG4E_reverse,4496.622911923077,Other_species,70526.10140000012,229529.8075688478
XYLI1_reverse,4.944916666666667,Other_species,37328.383400000035,476.89448024689926
ACOTA_reverse,1.185,Other_species,82411.52100000004,51.764607038377534
ARGSL_reverse,7.315875950000017,Brenda_SA,51040.99500000012,516.0
OCBT_reverse,1190.9444444444443,Other_species,34328.29050000001,124894.07242693889
3OAR100_reverse,25.627636363636363,Other_species,49743.127799999944,1854.7183297366157
3OAR120_reverse,25.627636363636363,Other_species,49743.127799999944,1854.7183297366157
3OAR140_reverse,25.627636363636363,Other_species,49743.127799999944,1854.7183297366157
3OAR160_reverse,25.627636363636363,Other_species,49743.127799999944,1854.7183297366157
3OAR180_reverse,25.627636363636363,Other_species,49743.127799999944,1854.7183297366157
3OAR40_reverse,25.627636363636363,Other_species,49743.127799999944,1854.7183297366157
3OAR60_reverse,25.627636363636363,Other_species,49743.127799999944,1854.7183297366157
3OAR80_reverse,25.627636363636363,Other_species,49743.127799999944,1854.7183297366157
ALAALAr_reverse,1.5493431307692307,Other_species,38559.13410000003,144.65146588364973
GLUR_reverse,3855.6993939393938,Other_species,29230.0265,474871.88621542364
PGAMT_reverse,1.5664,Other_species,46353.25000000006,121.65360573422561
G1PTT_reverse,6.283753333333333,Other_species,30834.505299999986,733.6427738959059
GALUi_reverse_num1,178.62,Other_species,32988.40869999999,19492.665009937267
PAPPT3_reverse,204.052,Other_species,39267.773800000046,18707.126198226168
ACONTa_reverse,0.5114488869583371,Brenda_SA,101724.64050000074,18.100000000000005
ACONTb_reverse,0.5114488869583371,Brenda_SA,101724.64050000074,18.100000000000005
FUM_reverse,374.3333333333333,Database,200973.26280000038,6705.369566204791
MDH_reverse,327.54545454545456,Database,139630.61200000005,8444.879095449614
PYRC_reverse,8017.27507255488,fill,123101.8372000007,234457.83521740494
AMAOTr_reverse,15.193350301700017,Brenda_SA,91480.2828000001,597.9
DHFR_reverse,42.555625,Other_species,16986.04969999999,9019.180604422705
DHPTPE_reverse,8017.27507255488,fill,14020.71719999998,2058538.7929511634
G1SAT_reverse,0.51,Other_species,92032.86340000026,19.94939559818145
GTHOr_reverse,233.7,Other_species,50150.21280000008,16776.000599542793
ICHORS_reverse,10.242083333333332,Other_species,40372.128000000055,913.2909714345486
IPDDI_reverse,2151.6445714285715,Other_species,21120.492299999987,366749.0486073027
OHPBAT_reverse,0.9214285714285716,Other_species,40045.63320000005,82.8340718344005
PY5PSH_reverse,0.016436,Other_species,655015.6032000005,0.0903331152890618
TRATF_reverse_num1,3.7,Other_species,47395.97050000011,281.03654929905844
RBFK_reverse,3.952,Other_species,37168.530700000054,382.7754213593377
SERAT_reverse,1026.58444,Other_species,19492.143799999994,189599.6675337477
MTHFC_reverse,2231.975,Other_species,60298.613000000005,133255.30389894705
MTHFD_reverse,94.9512,Other_species,60298.613000000005,5668.858751361328
GHMT2r_reverse,0.0597266437716667,Brenda_SA,93080.48380000018,2.309999999999997
ENO_reverse,66.2408972972973,Other_species,44948.82740000005,5305.3048113613295
FBA_reverse,8017.27507255488,fill,37213.61340000001,775581.5042996487
GAPD_reverse_num1,6.45,Database,39232.88790000006,591.850389886796
PGI_reverse,1231.8181818181818,Other_species,59165.712000000174,74951.27337511702
PGK_reverse,106.74176625000015,Brenda_SA,42696.706500000066,8999.999999999998
PGM_reverse_num1,294.38454545454545,Other_species,23104.858,45868.464702806814
TPI_reverse,11085.09090909091,Other_species,54404.93979999999,733505.5864307247
PRMICI_reverse,7.91625,Other_species,26608.541200000007,1071.0282756876575
PRPPS_reverse,45.42,Other_species,213301.1478000002,766.578153406448
CAt6pp_reverse_num1,8017.27507255488,fill,54060.67930000008,533885.0831124781
MG2t3_2pp_reverse_num1,8017.27507255488,fill,47316.335600000086,609983.6324011008
NH4tpp_reverse_num1,8017.27507255488,fill,45405.226000000046,635657.8923579754
PIt2rpp_reverse,8017.27507255488,fill,43961.3903000001,656534.9745364515
MI2DH_reverse_num1,58.0,Other_species,145723.70760000023,1432.8485284847343
UAGAAT_reverse_num1,9.166666666666666,Other_species,51947.94010000007,635.2513677438376
ACACT1r_reverse,250225.12,Other_species,42589.73690000003,21150880.41316356
ACOAD1f_reverse,8017.27507255488,fill,43527.88540000008,663073.5675755459
ACOAD2f_reverse,8017.27507255488,fill,43527.88540000008,663073.5675755459
ACOAD3f_reverse,8017.27507255488,fill,43527.88540000008,663073.5675755459
ACOAD4f_reverse,8017.27507255488,fill,43527.88540000008,663073.5675755459
ACOAD5f_reverse,8017.27507255488,fill,43527.88540000008,663073.5675755459
ACOAD6f_reverse,8017.27507255488,fill,43527.88540000008,663073.5675755459
ACOAD7f_reverse,8017.27507255488,fill,43527.88540000008,663073.5675755459
ACOAD8f_reverse,8017.27507255488,fill,43527.88540000008,663073.5675755459
ACOATA_reverse_num1,17.168145925555557,Other_species,51947.94010000007,1189.755074272905
MCOATA_reverse_num1,92.33634818181818,Other_species,51947.94010000007,6398.922706360497
ADK1_reverse,32.576099996,Other_species,19426.71540000001,6036.736399895988
ADK2_reverse,32.576099996,Other_species,19426.71540000001,6036.736399895988
ADK3_reverse,8017.27507255488,fill,21799.999100000012,1323953.7363649504
ADK4_reverse,8017.27507255488,fill,21799.999100000012,1323953.7363649504
CYTK1_reverse,91.2311111111111,Other_species,24138.920399999995,13605.910892352918
CYTK2_reverse,91.2311111111111,Other_species,24138.920399999995,13605.910892352918
DGK1_reverse,272.12,Other_species,20656.945400000004,47423.85580396605
DTMPK_reverse,2.8220666666666667,Other_species,22377.862399999987,453.9951054484992
GK1_reverse,272.12,Other_species,20656.945400000004,47423.85580396605
NDPK1_reverse,186.27745833333333,Other_species,59198.19599999994,11328.028475732617
NDPK2_reverse,186.27745833333333,Other_species,59198.19599999994,11328.028475732617
NDPK3_reverse,186.27745833333333,Other_species,59198.19599999994,11328.028475732617
NDPK4_reverse,186.27745833333333,Other_species,59198.19599999994,11328.028475732617
NDPK5_reverse,186.27745833333333,Other_species,59198.19599999994,11328.028475732617
NDPK6_reverse,186.27745833333333,Other_species,59198.19599999994,11328.028475732617
NDPK7_reverse,186.27745833333333,Other_species,59198.19599999994,11328.028475732617
NDPK8_reverse,186.27745833333333,Other_species,59198.19599999994,11328.028475732617
NNATr_reverse,12.058166666666668,Other_species,24580.468999999994,1766.0118690168206
UMPK_reverse,147.5,Other_species,157097.34600000008,3380.0698326246693
URIDK2r_reverse,2.8220666666666667,Other_species,22377.862399999987,453.9951054484992
ATPS4rpp_reverse,107.38777777777776,Other_species,248590.4368000003,1555.152342046971
G6PDH2r_reverse,1174.2029,Other_species,54242.362900000124,77930.42585170991
RPE_reverse,1332.4597777777778,Other_species,23869.71479999999,200959.88746375812
RPI_reverse,7273.677142857143,Other_species,16987.623999999996,1541430.2620711243
TALA_reverse,154.62857142857143,Other_species,38328.480000000054,14523.478550228352
TKT1_reverse,64521.705882352944,Other_species,72405.24720000032,3208029.116106237
TKT2_reverse,154.62857142857143,Other_species,38328.480000000054,14523.478550228352
ADSL1r_reverse,123.31,Other_species,52234.97390000013,8498.443989841811
ADSL2r_reverse,123.31,Other_species,52234.97390000013,8498.443989841811
AICART_reverse,5.363333333333333,Other_species,55758.90380000019,346.276534941491
DHORTS_reverse,64.35333333333334,Other_species,406723.1544000005,569.6061251830214
GARFT_reverse,6.3756,Other_species,110167.48810000019,208.3387793971129
ORPT_reverse,262.62268,Other_species,38889.66019999997,24310.874487918532
PRAGSr_reverse,203.34,Other_species,43544.64990000001,16810.882661385225
ACALD_reverse,8.8213,Other_species,38867.74190000004,817.0446351554057
ACKr_reverse,494.38461538461536,Other_species,86182.93740000002,20651.241058588177
ALCD2x_reverse_num1,292.8888888888889,Other_species,36811.41970000001,28643.285387876516
LDH_D_reverse,883.2818489156626,Other_species,63722.110700000245,49901.276357067894
PTAr_reverse,366.3721052631579,Other_species,35237.6429,37429.84690236952
ASAD_reverse,0.01689869804,Brenda_SA,72422.99160000002,0.8399999999999997
ASPK_reverse,0.02536070744,Brenda_SA,44754.18960000008,2.0399999999999965
DAPE_reverse,71.69108333333334,Other_species,58405.26679999999,4418.914836632509
HSDy_reverse,773.1900027000014,Brenda_SA,46437.83800000008,59940.0
SDPTA_reverse,24.0,Other_species,44323.21970000006,1949.3168723931824
ABUTtex_reverse,8017.27507255488,fill,29894.043200000004,965482.9916482347
ACt2rpp_reverse,8017.27507255488,fill,57267.730100000095,503986.97854444076
ARGORNt7pp_reverse,8017.27507255488,fill,53629.27280000007,538179.780450007
CTBTt2rpp_reverse,8017.27507255488,fill,54274.909400000084,531777.7695119934
FRUURt2rpp_reverse,8017.27507255488,fill,47232.63890000006,611064.5293883322
ILEt2rpp_reverse,8017.27507255488,fill,44831.84830000004,643787.6499773386
LEUt2rpp_reverse_num1,8017.27507255488,fill,27333.038400000012,1055945.1839498954
LYSt2pp_reverse,8017.27507255488,fill,53629.27280000007,538179.780450007
NO3tex_reverse,8017.27507255488,fill,48842.04090000008,590929.2431143582
PSERtex_reverse_num1,8017.27507255488,fill,41250.81990000006,699675.5538717796
TRPt2rpp_reverse,8017.27507255488,fill,49267.6267000001,585824.6518945373
URAt2rpp_reverse_num1,8017.27507255488,fill,50443.91170000011,572163.9993513331
UREAtpp_reverse,8017.27507255488,fill,175767.81819999998,164206.34082375822
VALt2rpp_reverse,8017.27507255488,fill,44831.84830000004,643787.6499773386
PHETA1_reverse_num1,2.85,Database,36449.61920000005,281.48442220213883
PSCVT_reverse,5.67,Other_species,45527.32590000005,448.34612172993843
SHK3Dr_reverse_num1,121.6825,Database,28870.2389,15173.307069516492
TYRTA_reverse_num1,2.85,Database,36449.61920000005,281.48442220213883
ILETA_reverse,14.409230769230769,Other_species,41690.674299999984,1244.2406279149768
IPPMIa_reverse,3.2,Other_species,73902.9218000001,155.88016981488255
IPPMIb_reverse,3.2,Other_species,73902.9218000001,155.88016981488255
KARA1_reverse,1.51457,Database,36158.381400000006,150.7935861310429
KARA2_reverse,1.51457,Database,36158.381400000006,150.7935861310429
LEUTAi_reverse,14.409230769230769,Other_species,41690.674299999984,1244.2406279149768
ADNUC_num2,14.496153846153849,Other_species,24571.651799999985,2123.835803588666
ADNUC_num3,14.496153846153849,Other_species,28829.106499999994,1810.1897762996527
ALCD19_num3,292.8888888888889,Other_species,12076.66319999998,87308.88512316893
ARAI_num2,191.76103448275865,Other_species,40744.815300000075,16943.007817191647
FFSD_num2,313.92430842500096,Brenda_SA,54595.53190000016,20700.000000000004
GNK_num2,0.5567794417022235,Brenda_SA,53766.25510000012,37.28
MCITL2_num2,63.21666666666667,Other_species,133097.44480000008,1709.8750493818636
MSDH_num2,1.4538333333333333,Other_species,25097.803900000006,208.53617395584155
PGLYCP_num2,36.91105263157895,Other_species,25017.146199999992,5311.548663919319
PMANM_num2,24.803846153846155,Other_species,48814.1480000001,1829.2615934594612
RBK_num2,11.399090909090908,Other_species,60213.001600000054,681.5260190039627
UDPGPpp_num2,330.67195297476894,Brenda_SA,59543.22070000021,19992.52
ME1_num2,87.049,Other_species,40932.37550000005,7655.954392385548
AMPTASEPG_num2,239.12731707317076,Other_species,52787.107000000135,16308.117462535172
SPMDAT2_num2,1.9095,Other_species,16178.071199999995,424.9085020716192
SPMDAT2_num3,1.9095,Other_species,17177.082099999992,400.19602630879916
SPMDAT2_num4,1.9095,Other_species,16649.546399999985,412.87611294923965
SPMDAT2_num6,1.9095,Other_species,9419.612999999992,729.7752041405529
SSALy_num2,4.218571428571429,Other_species,47697.5973000001,318.39878741349327
SSALy_num3,4.218571428571429,Other_species,55879.63930000006,271.77800954161006
3OAS100_num2,0.1708571428571428,Other_species,72794.94800000028,8.449565954572998
3OAS100_num3,0.1708571428571428,Other_species,65266.35630000022,9.42423859941622
3OAS120_num2,0.1708571428571428,Other_species,72794.94800000028,8.449565954572998
3OAS120_num3,0.1708571428571428,Other_species,65266.35630000022,9.42423859941622
3OAS121_num2,8017.27507255488,fill,72794.94800000028,396486.1718315598
3OAS121_num3,8017.27507255488,fill,65266.35630000022,442221.56555716094
3OAS140_num2,0.1708571428571428,Other_species,72794.94800000028,8.449565954572998
3OAS140_num3,0.1708571428571428,Other_species,65266.35630000022,9.42423859941622
3OAS141_num2,8017.27507255488,fill,72794.94800000028,396486.1718315598
3OAS141_num3,8017.27507255488,fill,65266.35630000022,442221.56555716094
3OAS160_num2,8017.27507255488,fill,72794.94800000028,396486.1718315598
3OAS160_num3,8017.27507255488,fill,65266.35630000022,442221.56555716094
3OAS161_num2,8017.27507255488,fill,72794.94800000028,396486.1718315598
3OAS161_num3,8017.27507255488,fill,65266.35630000022,442221.56555716094
3OAS180_num2,8017.27507255488,fill,72794.94800000028,396486.1718315598
3OAS180_num3,8017.27507255488,fill,65266.35630000022,442221.56555716094
3OAS181_num2,8017.27507255488,fill,72794.94800000028,396486.1718315598
3OAS181_num3,8017.27507255488,fill,65266.35630000022,442221.56555716094
3OAS60_num2,0.1708571428571428,Other_species,72794.94800000028,8.449565954572998
3OAS60_num3,0.1708571428571428,Other_species,65266.35630000022,9.42423859941622
3OAS80_num2,8017.27507255488,fill,72794.94800000028,396486.1718315598
3OAS80_num3,8017.27507255488,fill,65266.35630000022,442221.56555716094
AACPS1_num2,8017.27507255488,fill,72794.94800000028,396486.1718315598
AACPS1_num3,8017.27507255488,fill,65266.35630000022,442221.56555716094
AACPS2_num2,8017.27507255488,fill,72794.94800000028,396486.1718315598
AACPS2_num3,8017.27507255488,fill,65266.35630000022,442221.56555716094
AACPS3_num2,8017.27507255488,fill,72794.94800000028,396486.1718315598
AACPS3_num3,8017.27507255488,fill,65266.35630000022,442221.56555716094
AACPS4_num2,8017.27507255488,fill,72794.94800000028,396486.1718315598
AACPS4_num3,8017.27507255488,fill,65266.35630000022,442221.56555716094
AACPS5_num2,8017.27507255488,fill,72794.94800000028,396486.1718315598
AACPS5_num3,8017.27507255488,fill,65266.35630000022,442221.56555716094
AACPS6_num2,8017.27507255488,fill,72794.94800000028,396486.1718315598
AACPS6_num3,8017.27507255488,fill,65266.35630000022,442221.56555716094
AACPS7_num2,8017.27507255488,fill,72794.94800000028,396486.1718315598
AACPS7_num3,8017.27507255488,fill,65266.35630000022,442221.56555716094
AACPS8_num2,0.016,Other_species,72794.94800000028,0.7912637014315853
AACPS8_num3,0.016,Other_species,65266.35630000022,0.8825373939252651
AACPS9_num2,0.016,Other_species,72794.94800000028,0.7912637014315853
AACPS9_num3,0.016,Other_species,65266.35630000022,0.8825373939252651
FA100ACPHi_num2,3.282793103448276,Other_species,36257.034700000055,325.9520606193914
FA120ACPHi_num2,3.282793103448276,Other_species,36257.034700000055,325.9520606193914
FA140ACPHi_num2,3.282793103448276,Other_species,36257.034700000055,325.9520606193914
FA141ACPHi_num2,3.282793103448276,Other_species,36257.034700000055,325.9520606193914
FA160ACPHi_num2,3.282793103448276,Other_species,36257.034700000055,325.9520606193914
FA161ACPHi_num2,3.282793103448276,Other_species,36257.034700000055,325.9520606193914
FA80ACPHi_num2,3.282793103448276,Other_species,36257.034700000055,325.9520606193914
MI1PP_num2,108.48764705882353,Other_species,29201.97669999999,13374.283988513862
TDPGDH_num2,79.22800000000001,Other_species,41964.41010000003,6796.7308326347675
TDPGDH_num3,79.22800000000001,Other_species,65758.50510000018,4337.397870682423
UAGCVT_num2,0.5996874999999999,Other_species,44196.98910000009,48.84665322145202
UAMDH_num2,30.20769230769231,Other_species,38885.64590000006,2796.6024426430354
UDPGD_num2,8.299518518518518,Other_species,46982.94210000011,635.9386051872344
GALUi_num2,178.62,Other_species,31965.24090000002,20116.60109215694
CS_num2,103.70476667142856,Other_species,293573.0130000001,1271.7012241760203
ACPS1_num2,0.4783178048780487,Other_species,72794.94800000028,23.654719796777226
ACPS1_num3,0.4783178048780487,Other_species,65266.35630000022,26.383334311570408
BMOCOS_num2,8017.27507255488,fill,44180.44000000003,653279.8283855378
BMOCOS_num3,8017.27507255488,fill,42035.61430000005,686612.7863676191
BWCOS_num2,8017.27507255488,fill,44180.44000000003,653279.8283855378
BWCOS_num3,8017.27507255488,fill,42035.61430000005,686612.7863676191
CPMPS_num2,0.000725,Other_species,16369.532999999989,0.15944254487895299
DHPPDA2_num2,6.166667,Other_species,25102.051100000008,884.3899293950524
DHPS2_num2,77.02221538461538,Other_species,29019.54499999999,9554.938762293325
DMATT_num2,0.675,Database,40156.58580000007,60.51311264614522
GRTT_num2,7.893761928571428,Other_species,23797.843100000002,1194.1226279812367
GTPDPDP_num2,3.89325,Other_species,12130.043999999993,1155.4533520241155
MOCOS_num2,8017.27507255488,fill,44180.44000000003,653279.8283855378
MOCOS_num3,8017.27507255488,fill,42035.61430000005,686612.7863676191
NADDP_num2,109.25463121428572,Other_species,74705.12960000036,5264.921893280896
NADPPPS_num2,8017.27507255488,fill,38713.49620000007,745533.0335470326
NADPPPS_num3,8017.27507255488,fill,14640.458699999983,1971399.3155964166
PANTS_num2,2.227222222222222,Other_species,28063.984400000016,285.7042637181624
TMPPP_num2,999.0,Other_species,23130.145299999982,155485.4045815269
TMPPP_num3,999.0,Other_species,19859.433499999992,181092.77890529967
TRATF_num2,3.7,Other_species,42060.62300000007,316.6857514212278
UPP3MT_num2,12.673703706666666,Other_species,26227.7399,1739.5831100185646
WCOS_num2,8017.27507255488,fill,44180.44000000003,653279.8283855378
WCOS_num3,8017.27507255488,fill,42035.61430000005,686612.7863676191
AMPTASECG_num2,239.12731707317076,Other_species,52787.107000000135,16308.117462535172
MCPST_num2,354.759,Other_species,30498.728500000005,41874.93914705329
MCPST_num3,354.759,Other_species,26224.522700000005,48699.92924599538
GLNS_num2,127.194,Other_species,50381.07030000004,9088.699332376025
G3PAT120_num2,0.029745,Other_species,36468.071600000025,2.9363219743157445
G3PAT120_num4,0.029745,Other_species,39787.823900000025,2.691325875703394
G3PAT120_num5,0.029745,Other_species,32647.446300000014,3.2799502606119595
G3PAT140_num2,0.029745,Other_species,36468.071600000025,2.9363219743157445
G3PAT140_num4,0.029745,Other_species,39787.823900000025,2.691325875703394
G3PAT140_num5,0.029745,Other_species,32647.446300000014,3.2799502606119595
G3PAT141_num2,0.029745,Other_species,36468.071600000025,2.9363219743157445
G3PAT141_num4,0.029745,Other_species,39787.823900000025,2.691325875703394
G3PAT141_num5,0.029745,Other_species,32647.446300000014,3.2799502606119595
G3PAT160_num2,0.029745,Other_species,36468.071600000025,2.9363219743157445
G3PAT160_num4,0.029745,Other_species,39787.823900000025,2.691325875703394
G3PAT160_num5,0.029745,Other_species,32647.446300000014,3.2799502606119595
G3PAT161_num2,0.029745,Other_species,36468.071600000025,2.9363219743157445
G3PAT161_num4,0.029745,Other_species,39787.823900000025,2.691325875703394
G3PAT161_num5,0.029745,Other_species,32647.446300000014,3.2799502606119595
G3PAT180_num2,0.029745,Other_species,36468.071600000025,2.9363219743157445
G3PAT180_num4,0.029745,Other_species,39787.823900000025,2.691325875703394
G3PAT180_num5,0.029745,Other_species,32647.446300000014,3.2799502606119595
G3PAT181_num2,0.029745,Other_species,36468.071600000025,2.9363219743157445
G3PAT181_num4,0.029745,Other_species,39787.823900000025,2.691325875703394
G3PAT181_num5,0.029745,Other_species,32647.446300000014,3.2799502606119595
LPLIPAL1A180pp_num2,1034.85,Other_species,33281.47760000002,111937.93871699968
GAPD_num2,6.45,Database,144180.3724000001,161.04827316980894
GLCP_num2,88.96070909090909,Other_species,94903.93900000058,3374.5549036407306
GLCP2_num2,88.96070909090909,Other_species,94903.93900000058,3374.5549036407306
PGM_num2,294.38454545454545,Other_species,40788.52830000008,25982.41240384154
PGM_num3,294.38454545454545,Other_species,26261.725800000004,40354.711328086574
PGM_num5,294.38454545454545,Other_species,27245.198199999995,38898.02363912933
PYK_num2,849.98,Database,58546.45210000011,52264.96039031534
HSTPT_num2,2.85,Database,79835.55380000017,128.5141708380055
CAt6pp_num2,8017.27507255488,fill,59439.223900000114,485574.8168878348
CAt6pp_num3,8017.27507255488,fill,110211.51420000078,261879.99022335696
CAt6pp_num4,8017.27507255488,fill,102945.8825000007,280362.7455541738
CAt6pp_num5,8017.27507255488,fill,16516.11209999999,1747517.2175174076
CAt6pp_num6,8017.27507255488,fill,17368.61709999997,1661743.7125260606
CAt6pp_num7,8017.27507255488,fill,13486.381899999978,2140098.8400897663
CAt6pp_num8,8017.27507255488,fill,10045.804699999991,2873059.065263094
CAt6pp_num9,8017.27507255488,fill,13770.982899999983,2095870.024005157
CYANSTpp_num2,129.49428807142857,Other_species,30498.728500000005,15285.208924599685
CYANSTpp_num3,129.49428807142857,Other_species,26224.522700000005,17776.469848091565
CYANSTpp_num4,129.49428807142857,Other_species,10985.42489999999,42436.17714387572
CYANSTpp_num5,129.49428807142857,Other_species,20770.487399999998,22444.318618018704
FE3abcpp_num2,8017.27507255488,fill,102758.22180000009,280874.7539186937
Kabcpp_num2,8017.27507255488,fill,41981.05350000006,687505.1447005143
Kabcpp_num3,8017.27507255488,fill,53635.20540000008,538120.2522848459
Kabcpp_num4,8017.27507255488,fill,48463.67980000002,595542.6905324997
Kabcpp_num5,8017.27507255488,fill,37501.038499999995,769637.0931487024
MG2t3_2pp_num2,8017.27507255488,fill,48360.95840000004,596807.656756396
NAt3_1p5pp_num2,8017.27507255488,fill,59439.223900000114,485574.8168878348
NAt3_1p5pp_num3,8017.27507255488,fill,110211.51420000078,261879.99022335696
NAt3_1p5pp_num4,8017.27507255488,fill,102945.8825000007,280362.7455541738
NAt3_1p5pp_num5,8017.27507255488,fill,16516.11209999999,1747517.2175174076
NAt3_1p5pp_num6,8017.27507255488,fill,17368.61709999997,1661743.7125260606
NAt3_1p5pp_num7,8017.27507255488,fill,13486.381899999978,2140098.8400897663
NAt3_1p5pp_num8,8017.27507255488,fill,10045.804699999991,2873059.065263094
NAt3_1p5pp_num9,8017.27507255488,fill,13770.982899999983,2095870.024005157
NAt3_2pp_num2,8017.27507255488,fill,59439.223900000114,485574.8168878348
NAt3_2pp_num3,8017.27507255488,fill,110211.51420000078,261879.99022335696
NAt3_2pp_num4,8017.27507255488,fill,102945.8825000007,280362.7455541738
NAt3_2pp_num5,8017.27507255488,fill,16516.11209999999,1747517.2175174076
NAt3_2pp_num6,8017.27507255488,fill,17368.61709999997,1661743.7125260606
NAt3_2pp_num7,8017.27507255488,fill,13486.381899999978,2140098.8400897663
NAt3_2pp_num8,8017.27507255488,fill,10045.804699999991,2873059.065263094
NAt3_2pp_num9,8017.27507255488,fill,13770.982899999983,2095870.024005157
NH4tpp_num2,8017.27507255488,fill,143096.6448000002,201697.18375673285
ZN2abcpp_num2,8017.27507255488,fill,78050.33990000006,369789.4243404512
FE2tpp_num2,8017.27507255488,fill,30792.109900000003,937324.2156815493
MI2DH_num2,58.0,Other_species,35211.25800000003,5929.921617682612
MI2DH_num3,58.0,Other_species,36224.43570000004,5764.064945806727
MI2DH_num4,58.0,Other_species,38022.71920000005,5491.453646481962
UAGAAT_num2,9.166666666666666,Other_species,36468.071600000025,904.9011519435531
UAGAAT_num4,9.166666666666666,Other_species,39787.823900000025,829.3994686148185
UAGAAT_num5,9.166666666666666,Other_species,32647.446300000014,1010.7988139948325
ACCOAC_num2,10.213722222222222,Other_species,55812.93600000009,658.7970932043414
ACOATA_num2,17.168145925555557,Other_species,36468.071600000025,1694.7790936112992
ACOATA_num4,17.168145925555557,Other_species,39787.823900000025,1553.3728481189935
ACOATA_num5,17.168145925555557,Other_species,32647.446300000014,1893.1136225500118
KAS14_num2,0.1708571428571428,Other_species,72794.94800000028,8.449565954572998
KAS14_num3,0.1708571428571428,Other_species,65266.35630000022,9.42423859941622
KAS15_num2,10.381983333333334,Other_species,72794.94800000028,513.4304100333976
KAS15_num3,10.381983333333334,Other_species,65266.35630000022,572.6555321734711
MCOATA_num2,92.33634818181818,Other_species,36468.071600000025,9115.120127562359
MCOATA_num4,92.33634818181818,Other_species,39787.823900000025,8354.587430818132
MCOATA_num5,92.33634818181818,Other_species,32647.446300000014,10181.833225177716
HSST_num2,0.8935,Other_species,38835.93250000002,82.82535767616751
METSOXR1_num2,0.05333333,Other_species,23930.2477,8.023318036946186
SHSL1_num2,13.770658424416684,Brenda_SA,40601.44990000005,1221.0
MPTG_num2,8017.27507255488,fill,28152.784200000016,1025198.4335246513
MPTG_num3,8017.27507255488,fill,38570.10639999998,748304.6575468504
MPTG_num4,8017.27507255488,fill,23104.664300000022,1249193.2315674261
MPTG2_num2,8017.27507255488,fill,28152.784200000016,1025198.4335246513
MPTG2_num3,8017.27507255488,fill,38570.10639999998,748304.6575468504
MPTG2_num4,8017.27507255488,fill,23104.664300000022,1249193.2315674261
NHFRBO_num2,8017.27507255488,fill,34001.68540000005,848845.8710696007
DCTPD_num2,257.71,Other_species,29819.835399999978,31112.04295916404
GSNHYDRO_num2,14.496153846153849,Other_species,28756.028800000015,1814.7900118306263
HXPRT_num2,4.52585,Other_species,17774.197499999995,916.6692335898712
UPPRT_num2,2.1397,Other_species,20951.408099999986,367.65643450952615
XTSNH_num2,14.496153846153849,Other_species,55954.80010000014,932.6483832108933
XTSNH_num3,14.496153846153849,Other_species,29078.515199999994,1794.6636369574285
NADPHQR2_num2,81.48538461538462,Other_species,35840.132800000036,8184.885537460518
NADPHQR2_num3,81.48538461538462,Other_species,36234.82500000005,8095.73068492491
NADPHQR2_num4,81.48538461538462,Other_species,33175.92590000003,8842.176266597713
NADPHQR3_num2,81.48538461538462,Other_species,35840.132800000036,8184.885537460518
NADPHQR3_num3,81.48538461538462,Other_species,36234.82500000005,8095.73068492491
NADPHQR3_num4,81.48538461538462,Other_species,33175.92590000003,8842.176266597713
NADPHQR4_num2,81.48538461538462,Other_species,35840.132800000036,8184.885537460518
NADPHQR4_num3,81.48538461538462,Other_species,36234.82500000005,8095.73068492491
NADPHQR4_num4,81.48538461538462,Other_species,33175.92590000003,8842.176266597713
IMPD_num2,6.985,Other_species,39770.42970000006,632.2788109075915
IMPD_num3,6.985,Other_species,50818.083500000146,494.82385537030194
ALCD2x_num2,292.8888888888889,Other_species,35528.24010000003,29677.79988629381
DAPDC_num2,18.235,Other_species,47030.927100000015,1395.8049319423255
THDPS_num2,8017.27507255488,fill,34948.319300000025,825853.4555965771
GLYBabcpp_num2,8017.27507255488,fill,67401.7152000002,428211.51027915516
LEUt2rpp_num2,8017.27507255488,fill,11479.888099999986,2514152.5779504427
LEUt2rpp_num3,8017.27507255488,fill,44831.84830000004,643787.6499773386
PA120abcpp_num2,8017.27507255488,fill,124789.74090000006,231286.5629260839
PA140abcpp_num2,8017.27507255488,fill,124789.74090000006,231286.5629260839
PA141abcpp_num2,8017.27507255488,fill,124789.74090000006,231286.5629260839
PA160abcpp_num2,8017.27507255488,fill,124789.74090000006,231286.5629260839
PA161abcpp_num2,8017.27507255488,fill,124789.74090000006,231286.5629260839
PA180abcpp_num2,8017.27507255488,fill,124789.74090000006,231286.5629260839
PA181abcpp_num2,8017.27507255488,fill,124789.74090000006,231286.5629260839
PGP120abcpp_num2,8017.27507255488,fill,124789.74090000006,231286.5629260839
PGP140abcpp_num2,8017.27507255488,fill,124789.74090000006,231286.5629260839
PGP141abcpp_num2,8017.27507255488,fill,124789.74090000006,231286.5629260839
PGP160abcpp_num2,8017.27507255488,fill,124789.74090000006,231286.5629260839
PGP161abcpp_num2,8017.27507255488,fill,124789.74090000006,231286.5629260839
PGP180abcpp_num2,8017.27507255488,fill,124789.74090000006,231286.5629260839
PGP181abcpp_num2,8017.27507255488,fill,124789.74090000006,231286.5629260839
PHEMEabcpp_num2,8017.27507255488,fill,124789.74090000006,231286.5629260839
PSERtex_num2,8017.27507255488,fill,47593.63490000012,606429.6270255563
PSERtex_num3,8017.27507255488,fill,41773.55320000008,690920.1647993284
PSERtex_num4,8017.27507255488,fill,28237.185099999977,1022134.1170865361
TREptsp_num2,8017.27507255488,fill,70672.65460000037,408392.61556756945
TREptsp_num3,8017.27507255488,fill,37186.542300000045,776146.1129769394
TREptspp_num2,8017.27507255488,fill,70672.65460000037,408392.61556756945
TREptspp_num3,8017.27507255488,fill,37186.542300000045,776146.1129769394
URAt2pp_num2,8017.27507255488,fill,66934.41170000029,431201.0747260732
URAt2rpp_num2,8017.27507255488,fill,66934.41170000029,431201.0747260732
XANt2pp_num2,8017.27507255488,fill,66934.41170000029,431201.0747260732
CYSTRS_num2,8017.27507255488,fill,17903.293699999987,1612116.2253623528
FMETTRS_num2,12.649192307692308,Other_species,67618.3354000002,673.4429654074593
PHETA1_num2,2.85,Database,79835.55380000017,128.5141708380055
SHK3Dr_num2,121.6825,Database,29304.723,14948.341262260012
TYRTA_num2,2.85,Database,79835.55380000017,128.5141708380055
THRD_L_num2,151356.31875,Brenda_SA,186284.69999999998,2925000.0000000005
ALCD19_reverse_num3,292.8888888888889,Other_species,12076.66319999998,87308.88512316893
ARAI_reverse_num2,191.76103448275865,Other_species,40744.815300000075,16943.007817191647
MCITL2_reverse_num2,63.21666666666667,Other_species,133097.44480000008,1709.8750493818636
PMANM_reverse_num2,24.803846153846155,Other_species,48814.1480000001,1829.2615934594612
GALUi_reverse_num2,178.62,Other_species,31965.24090000002,20116.60109215694
TRATF_reverse_num2,3.7,Other_species,42060.62300000007,316.6857514212278
GAPD_reverse_num2,6.45,Database,144180.3724000001,161.04827316980894
PGM_reverse_num2,294.38454545454545,Other_species,40788.52830000008,25982.41240384154
PGM_reverse_num3,294.38454545454545,Other_species,26261.725800000004,40354.711328086574
PGM_reverse_num5,294.38454545454545,Other_species,27245.198199999995,38898.02363912933
CAt6pp_reverse_num2,8017.27507255488,fill,59439.223900000114,485574.8168878348
CAt6pp_reverse_num3,8017.27507255488,fill,110211.51420000078,261879.99022335696
CAt6pp_reverse_num4,8017.27507255488,fill,102945.8825000007,280362.7455541738
CAt6pp_reverse_num5,8017.27507255488,fill,16516.11209999999,1747517.2175174076
CAt6pp_reverse_num6,8017.27507255488,fill,17368.61709999997,1661743.7125260606
CAt6pp_reverse_num7,8017.27507255488,fill,13486.381899999978,2140098.8400897663
CAt6pp_reverse_num8,8017.27507255488,fill,10045.804699999991,2873059.065263094
CAt6pp_reverse_num9,8017.27507255488,fill,13770.982899999983,2095870.024005157
MG2t3_2pp_reverse_num2,8017.27507255488,fill,48360.95840000004,596807.656756396
NH4tpp_reverse_num2,8017.27507255488,fill,143096.6448000002,201697.18375673285
MI2DH_reverse_num2,58.0,Other_species,35211.25800000003,5929.921617682612
MI2DH_reverse_num3,58.0,Other_species,36224.43570000004,5764.064945806727
MI2DH_reverse_num4,58.0,Other_species,38022.71920000005,5491.453646481962
UAGAAT_reverse_num2,9.166666666666666,Other_species,36468.071600000025,904.9011519435531
UAGAAT_reverse_num4,9.166666666666666,Other_species,39787.823900000025,829.3994686148185
UAGAAT_reverse_num5,9.166666666666666,Other_species,32647.446300000014,1010.7988139948325
ACOATA_reverse_num2,17.168145925555557,Other_species,36468.071600000025,1694.7790936112992
ACOATA_reverse_num4,17.168145925555557,Other_species,39787.823900000025,1553.3728481189935
ACOATA_reverse_num5,17.168145925555557,Other_species,32647.446300000014,1893.1136225500118
MCOATA_reverse_num2,92.33634818181818,Other_species,36468.071600000025,9115.120127562359
MCOATA_reverse_num4,92.33634818181818,Other_species,39787.823900000025,8354.587430818132
MCOATA_reverse_num5,92.33634818181818,Other_species,32647.446300000014,10181.833225177716
ALCD2x_reverse_num2,292.8888888888889,Other_species,35528.24010000003,29677.79988629381
LEUt2rpp_reverse_num2,8017.27507255488,fill,11479.888099999986,2514152.5779504427
LEUt2rpp_reverse_num3,8017.27507255488,fill,44831.84830000004,643787.6499773386
PSERtex_reverse_num2,8017.27507255488,fill,47593.63490000012,606429.6270255563
PSERtex_reverse_num3,8017.27507255488,fill,41773.55320000008,690920.1647993284
PSERtex_reverse_num4,8017.27507255488,fill,28237.185099999977,1022134.1170865361
URAt2rpp_reverse_num2,8017.27507255488,fill,66934.41170000029,431201.0747260732
PHETA1_reverse_num2,2.85,Database,79835.55380000017,128.5141708380055
SHK3Dr_reverse_num2,121.6825,Database,29304.723,14948.341262260012
TYRTA_reverse_num2,2.85,Database,79835.55380000017,128.5141708380055
