,data_type,kcat,MW,kcat_MW
ALAR,Database,275.128125,78346.4468000001,12642.069812411692
ALATA_L,Database,1.29,46748.85590000004,99.33932950004017
ASNN,Database,263.72297073170733,33298.22399999999,28512.11207643227
ASNS1,Database,2.037777777777778,72387.69100000027,101.34319659401726
ASPT,Database,131.90357142857144,57567.95390000005,8248.562350638917
ASPTA,Database,452.2572727272727,47295.00260000007,34424.90944737107
DAAD,Database,255.1264642857143,44705.46800000002,20544.584645184143
2METS,Database,18.301538461538463,85189.59560000009,773.3988874756251
ACNML,Database,24.75333333333333,32724.746600000028,2723.076853404876
ADNUC_num1,Database,14.496153846153849,47769.33190000007,1092.4614552993942
AGDC,Database,65.81,40505.19610000008,5849.027354789168
ALCD19_num1,Database,292.8888888888889,37284.043600000055,28280.19437247945
ALDD19x,Database,31.24904761904762,55105.55960000007,2041.47407711964
ALDD2x,Database,30.194117647058825,51083.937600000136,2127.84739462628
AMALT1,Database,1169.6714,78523.43850000044,53624.97007820125
AMALT2,Database,1169.6714,78523.43850000044,53624.97007820125
AMALT3,Database,1169.6714,78523.43850000044,53624.97007820125
AMALT4,Database,1169.6714,78523.43850000044,53624.97007820125
ARAI_num1,Database,191.76103448275865,7458.6584,92555.48211430771
BETALDHx,UniKP,6.236296388,52322.491300000125,429.0825310300152
BETALDHy,UniKP,6.236296388,52322.491300000125,429.0825310300152
DHACOAH,UniKP,1.815124258,36529.61010000005,178.88083970543096
DHAPT,UniKP,12.93234698,39240.35870000007,1186.4430058841413
DHPTDNRN,UniKP,2.612917587,42009.95970000003,223.91126724170587
DRPA,Database,107.5737,22519.556799999977,17196.84465548631
FFSD_num1,Database,274.7513265500004,47782.839400000055,20700.000000000004
G3PT,UniKP,3.361813796,25277.483199999984,478.78697296889146
G6PDA,Database,224.3142857142857,27277.35800000001,29604.459074497907
GLCRD,Database,21.762727272727272,69601.5585000003,1125.633101761907
GLYCDx,UniKP,5.859010322,27063.406599999995,779.3711069322663
GLYK,Database,2191.34,56144.53370000014,140509.20864625476
GNK_num1,Database,0.1912636689244443,18469.66759999999,37.28
GUI1,Database,67.86666666666666,57453.80120000014,4252.460148798638
HCO3E,Database,2907913.636363636,22228.03730000002,470958769.3065945
HXCT,Database,290.0,78908.3846000001,13230.533172009693
MALGT,Database,105.25666666666666,69449.90270000021,5456.076758477573
MAN1PG,Database,104.49166666666667,37033.46390000001,10157.569948513508
MAN6PI,Database,22925.15333333333,42833.65220000009,1926768.9716171296
MCITL2_num1,Database,63.21666666666667,133657.83880000003,1702.7059695356977
MM_COA_ADD5,Database,3.84,57996.135500000055,238.36070939588703
MMM2,Database,134.3590909090909,145540.92390000084,3323.413884640899
MSDH_num1,Database,1.4538333333333333,53643.12570000007,97.56702152797918
PFK_2,Database,80.562,74926.25080000008,3870.782227902423
PGLYCP_num1,Database,36.91105263157895,24766.549900000005,5365.292703675459
PGMT,Database,80.77727272727273,59206.42900000016,4911.598060038058
PMANM_num1,Database,24.803846153846155,62579.15660000019,1426.8943687529002
RBK_num1,Database,11.399090909090908,61538.51900000003,666.8461955141828
TRE6PP,Database,9.856923076923078,28104.447800000016,1262.6087987725225
TRE6PS,Database,147.36857142857144,53397.9074000001,9935.349210760574
UDPG4E,Database,4496.622911923077,70526.10140000012,229529.8075688478
UDPGPpp_num1,Database,185.7640265937368,33450.03510000001,19992.520000000008
XYLI1,Database,4.944916666666667,37328.38340000004,476.89448024689926
XYLI2,Database,4.944916666666667,37328.38340000004,476.89448024689926
XYLK,Database,765.177,49820.40310000008,55291.34709068613
GALKr,Database,23.971307142857142,46333.44050000015,1862.5145204635824
M1PD,Database,67.8875,55368.50720000014,4413.971269212752
MAN2D,Database,33.9143125,55368.50720000014,2205.0716404360583
ICL,Database,7.475,188911.3772000004,142.44774665694376
MALS,Database,6.603991155666655,13854.526899999975,1716.0
ME1_num1,Database,87.049,37729.45650000009,8305.881639190835
ME2,Database,7.436048215833343,40932.37550000005,654.0
PPA,Database,816.96656,107429.12339999995,27376.93023007578
PPA2,Database,816.96656,107429.12339999995,27376.93023007578
PPC,Database,0.055,103196.3252000008,1.9186729722813665
PPCK,Database,337.43333333333334,36048.41530000002,33698.01390409523
ABTA,Database,2.055,46507.41600000007,159.0714048701392
ACGK,Database,38.25,31089.38160000002,4429.164972519104
ACGS,Database,2.1999998,79427.97160000014,99.7129741633738
ACODA,Database,1314.0,47771.77660000007,99020.8097054526
ACOTA,Database,1.185,82411.52100000004,51.764607038377534
AMPTASEPG_num1,Database,239.1273170731708,96093.53880000084,8958.545519435145
ARGSL,Database,7.315875950000017,51040.99500000012,516.0
CBPS,Database,3.3582539523809523,162169.69810000082,74.54977329436964
GLU5K,Database,12.25,38625.22430000004,1141.740942589166
OCBT,Database,1190.9444444444443,34328.29050000001,124894.07242693887
P5CD,Database,3.912391304347826,126320.44770000072,111.49904035411436
P5CR,Database,995.5918027272728,28241.8486,126908.49457418954
PROD2,Database,14.677777777777775,126320.44770000072,418.3012407103722
SPMDAT1,Database,1.9095,34481.182600000044,199.36091171072516
SPMDAT2_num1,Database,1.9095,19208.73609999999,357.86841800590946
SPMS,Database,89.61916666666667,110938.4514000002,2908.180129869736
SSALy_num1,Database,4.218571428571429,51774.1473000001,293.3289669621872
UREAAH,Database,3345.5,90263.75640000011,133428.96950386596
3HAD100,Database,9.28053181818182,17178.201499999996,1944.9017724850048
3HAD120,Database,9.28053181818182,17178.201499999996,1944.9017724850048
3HAD121,Database,9.28053181818182,17178.201499999996,1944.9017724850048
3HAD140,Database,9.28053181818182,17178.201499999996,1944.9017724850048
3HAD141,Database,9.28053181818182,17178.201499999996,1944.9017724850048
3HAD160,Database,9.28053181818182,17178.201499999996,1944.9017724850048
3HAD161,Database,9.28053181818182,17178.201499999996,1944.9017724850048
3HAD180,Database,9.28053181818182,17178.201499999996,1944.9017724850048
3HAD181,Database,9.28053181818182,17178.201499999996,1944.9017724850048
3HAD60,Database,9.28053181818182,17178.201499999996,1944.9017724850048
3HAD80,Database,9.28053181818182,17178.201499999996,1944.9017724850048
3OAR100,Database,25.627636363636363,49743.12779999994,1854.718329736616
3OAR120,Database,25.627636363636363,49743.12779999994,1854.718329736616
3OAR140,Database,25.627636363636363,49743.12779999994,1854.718329736616
3OAR160,Database,25.627636363636363,49743.12779999994,1854.718329736616
3OAR180,Database,25.627636363636363,49743.12779999994,1854.718329736616
3OAR40,Database,25.627636363636363,49743.12779999994,1854.718329736616
3OAR60,Database,25.627636363636363,49743.12779999994,1854.718329736616
3OAR80,Database,25.627636363636363,49743.12779999994,1854.718329736616
3OAS100_num1,Database,0.1708571428571428,14750.437999999996,41.69948812948567
3OAS120_num1,Database,0.1708571428571428,14750.437999999996,41.69948812948567
3OAS121_num1,UniKP,7.802865546,14750.437999999996,1904.371650902841
3OAS140_num1,Database,0.1708571428571428,14750.437999999996,41.69948812948567
3OAS141_num1,UniKP,7.802865546,14750.437999999996,1904.371650902841
3OAS160_num1,UniKP,7.802865546,14750.437999999996,1904.371650902841
3OAS161_num1,UniKP,7.802865546,14750.437999999996,1904.371650902841
3OAS180_num1,UniKP,7.802865546,14750.437999999996,1904.371650902841
3OAS181_num1,UniKP,7.802865546,14750.437999999996,1904.371650902841
3OAS60_num1,Database,0.1708571428571428,14750.437999999996,41.69948812948567
3OAS80_num1,UniKP,7.802865546,14750.437999999996,1904.371650902841
AACPS1_num1,UniKP,5.036041555,14750.437999999996,1229.099067973439
AACPS2_num1,UniKP,5.036041555,14750.437999999996,1229.099067973439
AACPS3_num1,UniKP,5.036041555,14750.437999999996,1229.099067973439
AACPS4_num1,UniKP,5.036041555,14750.437999999996,1229.099067973439
AACPS5_num1,UniKP,5.036041555,14750.437999999996,1229.099067973439
AACPS6_num1,UniKP,5.036041555,14750.437999999996,1229.099067973439
AACPS7_num1,UniKP,5.036041555,14750.437999999996,1229.099067973439
AACPS8_num1,Database,0.016,14750.437999999996,3.9049687880454815
AACPS9_num1,Database,0.016,14750.437999999996,3.9049687880454815
ALAALAr,Database,1.5493431307692307,38559.13410000003,144.6514658836497
EAR100x,Database,17.880670714285714,27866.9134,2309.922654420298
EAR100y,Database,26.96333333333333,27866.9134,3483.2705942955267
EAR120x,Database,17.880670714285714,27866.9134,2309.922654420298
EAR120y,Database,26.96333333333333,27866.9134,3483.2705942955267
EAR121x,Database,17.880670714285714,27866.9134,2309.922654420298
EAR121y,Database,26.96333333333333,27866.9134,3483.2705942955267
EAR140x,Database,17.880670714285714,27866.9134,2309.922654420298
EAR140y,Database,26.96333333333333,27866.9134,3483.2705942955267
EAR141x,Database,17.880670714285714,27866.9134,2309.922654420298
EAR141y,Database,26.96333333333333,27866.9134,3483.2705942955267
EAR160x,Database,17.880670714285714,27866.9134,2309.922654420298
EAR160y,Database,26.96333333333333,27866.9134,3483.2705942955267
EAR161x,Database,17.880670714285714,27866.9134,2309.922654420298
EAR161y,Database,26.96333333333333,27866.9134,3483.2705942955267
EAR180x,Database,17.880670714285714,27866.9134,2309.922654420298
EAR180y,Database,26.96333333333333,27866.9134,3483.2705942955267
EAR181x,Database,17.880670714285714,27866.9134,2309.922654420298
EAR181y,Database,26.96333333333333,27866.9134,3483.2705942955267
EAR40x,Database,17.880670714285714,27866.9134,2309.922654420298
EAR40y,Database,26.96333333333333,27866.9134,3483.2705942955267
EAR60x,Database,17.880670714285714,27866.9134,2309.922654420298
EAR60y,Database,26.96333333333333,27866.9134,3483.2705942955267
EAR80x,Database,17.880670714285714,27866.9134,2309.922654420298
EAR80y,Database,26.96333333333333,27866.9134,3483.2705942955267
FA100ACPHi_num1,Database,3.282793103448276,36468.071600000025,324.0658102802942
FA120ACPHi_num1,Database,3.282793103448276,36468.071600000025,324.0658102802942
FA140ACPHi_num1,Database,3.282793103448276,36468.071600000025,324.0658102802942
FA141ACPHi_num1,Database,3.282793103448276,36468.071600000025,324.0658102802942
FA160ACPHi_num1,Database,3.282793103448276,36468.071600000025,324.0658102802942
FA161ACPHi_num1,Database,3.282793103448276,36468.071600000025,324.0658102802942
FA80ACPHi_num1,Database,3.282793103448276,36468.071600000025,324.0658102802942
FACOAL100t2pp_num1,Database,0.6263333333333333,129746.41610000037,17.378514704114387
FACOAL120t2pp_num1,Database,0.6263333333333333,129746.41610000037,17.378514704114387
FACOAL140t2pp_num1,Database,0.6263333333333333,129746.41610000037,17.378514704114387
FACOAL141t2pp_num1,Database,0.6263333333333333,129746.41610000037,17.378514704114387
FACOAL160t2pp_num1,Database,0.6263333333333333,129746.41610000037,17.378514704114387
FACOAL161t2pp_num1,Database,0.6263333333333333,129746.41610000037,17.378514704114387
FACOAL180t2pp_num1,Database,0.6263333333333333,129746.41610000037,17.378514704114387
FACOAL181t2pp_num1,Database,0.6263333333333333,129746.41610000037,17.378514704114387
FACOAL60t2pp_num1,Database,0.6263333333333333,129746.41610000037,17.378514704114387
FACOAL80t2pp_num1,Database,0.6263333333333333,129746.41610000037,17.378514704114387
G1PACT,Database,18.397,151370.02440000017,437.53180500907627
GF6PTA,Database,12.19958375,134428.89140000028,326.7043344820733
GLUR,Database,3855.6993939393938,29230.0265,474871.8862154237
INPTH,Database,2.03814,39222.89170000002,187.06688064001145
MI1PP_num1,Database,108.48764705882353,28832.26290000001,13545.781361884174
PGAMT,Database,1.5664,46353.25000000006,121.6536057342256
TDPGDH_num1,Database,79.22800000000001,33536.0838,8504.892870049425
UAAGDS,Database,3.7085714285714286,53861.69880000016,247.87293086376076
UAGCVT_num1,Database,0.5996874999999999,46936.31080000005,45.995839110559096
UAGDP,Database,18.397,151370.02440000017,437.53180500907627
UAGPT3,Database,2.198888888888889,36696.42600000004,215.7158302010117
UAMAGS,Database,94.14696981818182,16415.40139999999,20647.018192650143
UAMAS,Database,46.16935483870968,51180.32250000009,3247.5308732053136
UAMDH_num1,Database,30.20769230769231,36370.71590000005,2989.97942758922
UDCPDP,Database,82.04444444444445,31578.07800000001,9353.324163680889
UDPGALM,Database,19.48772105263157,46180.79710000008,1519.155150950687
UDPGD_num1,Database,8.299518518518518,42940.18960000002,695.8112422183308
UGMDDS,Database,508.5,53265.3453000002,34367.56092896282
3OAR121,Database,25.627636363636363,49743.12779999994,1854.718329736616
3OAR141,Database,25.627636363636363,49743.12779999994,1854.718329736616
3OAR161,Database,25.627636363636363,49743.12779999994,1854.718329736616
3OAR181,Database,25.627636363636363,49743.12779999994,1854.718329736616
G1PTT,Database,6.283753333333333,30834.505299999983,733.6427738959059
GALUi_num1,Database,178.62,32988.40869999999,19492.665009937267
PAPPT3,Database,204.052,39267.773800000046,18707.126198226168
ACONTa,Database,202.78,101724.64050000074,7176.314375866433
ACONTb,Database,202.78,101724.64050000074,7176.314375866433
AKGDH,Database,502.85,2277980.928600012,794.6774168616674
CS_num1,Database,103.70476667142856,85133.2134000001,4385.329122524846
FUM,Database,374.3333333333333,200973.2628000004,6705.369566204791
ICDHyr,Database,16.592,80080.2833000005,745.8914671446925
MDH,Database,327.54545454545456,139630.61200000005,8444.879095449614
MDH2,Database,9.9475,54831.626700000044,653.108473252718
MDH3,Database,9.9475,139630.61200000005,256.46954838241334
PYRC,Database,5.78695,123101.8372000007,169.23402992071578
SUCOAS,Database,75.5012,144046.54660000018,1886.920071431964
ACBIPGT,Database,2.1918333333333333,18744.2308,420.9615259325552
ACPS1_num1,Database,0.4783178048780487,14750.437999999996,116.73850617595056
ADCS,Database,0.2981117,67262.27480000028,15.955483563276625
ADOCBIK,Database,0.221,18744.2308,42.44505994879235
ADOCBLS,UniKP,3.521089531,32435.794900000044,390.8004212839557
ALATA_D2,Database,0.0597266437716667,93080.48380000018,2.309999999999997
ALATA_L2,Database,0.0597266437716667,93080.48380000018,2.309999999999997
AMAOTr,Database,15.193350301700017,91480.2828000001,597.9
AMPMS2,Database,999.0,64819.46120000029,55483.336846989776
ASP1DC,Database,244.09184108479968,56587.88479999993,15528.6
BMOCOS_num1,UniKP,2.030513694,42625.68860000004,171.48929526970724
BTS4,Database,168.81702745,73711.69960000002,8244.841756708047
BWCOS_num1,UniKP,4.848454601,42625.68860000004,409.4816327166615
CPMPS_num1,Database,0.000725,41279.69390000007,0.0632272130293096
CPPPGO2,Database,225.02,35703.507000000005,22688.863589786848
DBTS,Database,17.365760416875,47709.91639999998,1310.351017524525
DHFR,Database,42.555625,16986.04969999999,9019.180604422703
DHFS,Database,0.4166667,49199.102400000105,30.488363543803125
DHNCOAT,UniKP,2.24585072,31830.71360000004,254.00192699418432
DHPPDA2_num1,Database,6.166667,34365.27940000004,646.0008935646827
DHPS2_num1,Database,77.02221538461538,29772.364100000017,9313.334152883586
DMATT_num1,Database,0.675,43023.41430000007,56.48087302080988
DMPPS,Database,2.64,35602.006000000045,266.9512498818181
DPCOAK,Database,4.969783333333333,21662.302800000016,825.9149622818487
DPR,Database,0.0066392957609999,31615.694099999968,0.7559999999999893
DXPRIi,Database,4.420241,40957.19590000011,388.5243423122128
DXPS,Database,49.35031818181818,135758.98020000046,1308.6511492117477
FMNAT,Database,0.4028689363636363,37168.53070000005,39.02032562479228
G1SAT,Database,0.51,92032.86340000026,19.94939559818145
GDPTPDP,Database,2.6358333333333333,21379.1156,443.8443655732888
GLUCYS,Database,1451.5185,42438.338100000045,123130.80186332732
GLUTRR,Database,199.912,65758.50510000018,10944.336385165148
GLYOD,Database,30.26505128205128,102438.33590000076,1063.6075221071978
GRTT_num1,Database,7.893761928571428,43023.41430000007,660.5134298431796
GTHOr,Database,233.7,50150.21280000008,16776.000599542793
GTHRDHpp,Database,116.68910714285714,67920.03870000028,6184.931483472255
GTPCI,Database,7.2103725,214713.542,120.89289179533912
GTPDPDP_num1,Database,3.89325,34762.86860000004,403.1801909466121
GTPDPK,Database,15.121666666666666,84446.2371000004,644.6468412267448
HETZK,Database,3.163333333333333,26911.150599999983,423.1703121604919
HMBS,Database,0.25,32008.99880000002,28.117093121950425
HPPK2,Database,499.585,18044.162,99672.4591588127
ICHORS,Database,10.242083333333332,40372.128000000055,913.2909714345486
IPDDI,Database,2151.6445714285715,21120.492299999987,366749.0486073027
IPDPS,Database,2.64,35602.006000000045,266.9512498818181
LIPATPT,UniKP,2.571943159,29351.711000000025,315.44993654373303
LIPOCT,Database,0.2,27322.6731,26.351740818507253
MECDPS,Database,2.333333333333333,49744.73999999996,168.86207466357257
MEPCT,Database,87.87294117647059,27524.35339999998,11493.188727742983
MOCOS_num1,UniKP,16.50811904,42625.68860000004,1394.2115774758404
MOHMT,Database,0.781,283238.4249999999,9.926619243134123
MPTAT,UniKP,4.739976359,17069.38559999998,999.6795017859356
MPTS,UniKP,6.068555777,16096.001299999978,1357.281252033698
MPTSS,UniKP,1.501481085,37392.17940000002,144.55781911444288
NADDP_num1,Database,109.25463121428572,26147.17059999999,15042.418102837815
NADK,Database,7.912307692307692,31154.95240000001,914.2786458665134
NADS1,Database,0.3166666666666666,60851.45620000001,18.734144935713136
NNAM,Database,15.08459,20122.15760000001,2698.7426040237347
NNDMBRT,Database,37.924,37443.24290000005,3646.222640614278
NNDPR,Database,400.852,29375.97480000001,49124.06174858237
NPHS,Database,0.1363125,35539.20750000002,13.807989387495478
OCTDPS,UniKP,3.493627665,37822.20960000002,332.5310638117767
OCTNLL,UniKP,6.569008086,29351.711000000025,805.6916719301297
OHPBAT,Database,0.9214285714285716,40045.63320000005,82.8340718344005
OMBZLM,UniKP,1.799678255,25244.4262,256.6444436752537
PANTS_num1,Database,2.227222222222222,59775.67479999998,134.13483037752346
PMPK,Database,0.05434,80354.45890000054,2.434513313610263
PNTK,Database,0.3881818181818182,35315.15200000003,39.57096221629017
PPBNGS,Database,254.4625,36793.06240000002,24897.7644220232
PPCDC,Database,1.86666665,43855.28370000007,153.2312499896105
PPGPPDP,Database,15.121666666666666,84446.2371000004,644.6468412267448
PPNCL2,Database,1.81833333,43855.28370000007,149.26365618289205
PPPGO,Database,1.44043108303,45699.00150000011,113.47188622727322
PPPGO3,Database,1.44043108303,45699.00150000011,113.47188622727322
PTPATi,Database,10.478768555555556,105448.85039999997,357.7427981139946
PY5PSH,Database,0.016436,655015.6032000005,0.0903331152890618
PYDAMK,Database,0.6681176470588235,56071.918300000005,42.895331608652384
PYDXK,Database,0.6681176470588235,56071.918300000005,42.895331608652384
PYDXNK,Database,0.6681176470588235,56071.918300000005,42.895331608652384
RBFSa,Database,0.0465222222222222,16475.38749999999,10.165466517858835
RBFSb,Database,0.5868883333333333,22561.06,93.64799348966758
RZ5PP,UniKP,3.08361848,28627.73200000001,387.7717776595085
SEPHCHCS,UniKP,2.400044869,114571.8832000002,75.41258192743038
SUCBZL,Database,59.09333333333333,46379.322600000014,4586.871650428114
TDPDSH,Database,123.199,49152.16180000011,9023.334554534262
TMPK,Database,0.063,34848.84630000004,6.508106410397859
TMPPP_num1,Database,999.0,80354.45890000054,44756.6948895225
TRATF_num1,Database,3.7,47395.97050000011,281.03654929905844
UDCPDPS,Database,1.8239523957142856,56451.4984,116.31628585028714
UPP3MT_num1,Database,12.673703706666666,63472.30490000018,718.8226962276246
UPP3S,Database,286.086,63472.30490000018,16226.125735036874
UPPDC1,Database,333.147,76825.3090000001,15611.121069490244
WCOS_num1,UniKP,2.146932734,42625.68860000004,181.3215949407558
RBFK,Database,3.952,37168.53070000005,382.7754213593377
AMPTASECG_num1,Database,239.1273170731708,96093.53880000084,8958.545519435145
BPNT,Database,10.716666666666669,27281.362700000005,1414.1522336785615
CYSS,Database,238.0,32517.357500000016,26349.004527812554
MCPST_num1,Database,354.759,33493.81449999999,38130.39568843376
PAPSR,Database,0.6108888888888889,25361.3372,86.71467054978473
PAPSR2,Database,0.6108888888888889,25361.3372,86.71467054978473
SADT2,Database,39.5642,81218.04550000012,1753.688101248383
SERAT,Database,1026.58444,19492.143799999994,189599.6675337477
SULRi,Database,33949.0,113121.35840000008,1080400.7459655816
5FTHFC,Database,114.29444444444444,20577.296399999992,19995.82413557498
FOMETRi,UniKP,9.176308094,20577.296399999992,1605.3959906219757
MTHFC,Database,2231.975,60298.613000000005,133255.30389894705
MTHFD,Database,94.9512,60298.613000000005,5668.858751361328
MTHFR2,Database,108.0259261111111,36226.58690000002,10735.02549587413
TMDS2,Database,0.0072,112257.53920000006,0.2308976322188967
GLNS_num1,Database,127.194,53299.84780000005,8590.988884587388
GLUDy,Database,1353.1333333333334,293925.99600000045,16573.151290775902
GLUN,Database,434.370722225,178989.73720000038,8736.448382304216
GLUSy,Database,23.6,219039.4420000002,387.8753489519934
ACPPAT120,UniKP,3.757622976,10366.238399999984,1304.9519209976902
ACPPAT140,UniKP,4.364763907,10366.238399999984,1515.8005690087182
ACPPAT141,UniKP,5.036041555,10366.238399999984,1748.9226948513965
ACPPAT160,UniKP,6.066441308,10366.238399999984,2106.7611862756344
ACPPAT161,UniKP,7.010475053,10366.238399999984,2434.606384394945
ACPPAT180,UniKP,0.534060704,10366.238399999984,185.46925704506307
ACPPAT181,UniKP,3.896113435,10366.238399999984,1353.047057648223
APH140,Database,1085.964285825,10662.863699999996,366643.6652444503
DASYN120,Database,5.806666666666667,30733.134600000016,680.177934079005
DASYN140,Database,5.806666666666667,30733.134600000016,680.177934079005
DASYN141,Database,5.806666666666667,30733.134600000016,680.177934079005
DASYN160,Database,5.806666666666667,30733.134600000016,680.177934079005
DASYN161,Database,5.806666666666667,30733.134600000016,680.177934079005
DASYN180,Database,5.806666666666667,30733.134600000016,680.177934079005
DASYN181,Database,5.806666666666667,30733.134600000016,680.177934079005
G3PAT120_num1,Database,0.029745,51947.94010000007,2.061332938204413
G3PAT140_num1,Database,0.029745,51947.94010000007,2.061332938204413
G3PAT141_num1,Database,0.029745,51947.94010000007,2.061332938204413
G3PAT160_num1,Database,0.029745,51947.94010000007,2.061332938204413
G3PAT161_num1,Database,0.029745,51947.94010000007,2.061332938204413
G3PAT180_num1,Database,0.029745,51947.94010000007,2.061332938204413
G3PAT181_num1,Database,0.029745,51947.94010000007,2.061332938204413
GPDDA2,Database,2.0446,57373.390000000014,128.2922274594546
GPDDA3,Database,2.0446,57373.390000000014,128.2922274594546
GPDDA4,Database,2.0446,57373.390000000014,128.2922274594546
GPDDA5,Database,2.0446,57373.390000000014,128.2922274594546
LPLIPAL1A180pp_num1,Database,1034.85,35813.96650000001,104022.54662297734
GHMT2r,Database,999.0,93080.48380000018,38637.53015860445
GLYCK2,Database,275.0,48197.86580000005,20540.32857197588
PGCD,Database,274.0,55300.926400000106,17836.952546964894
PSERT,Database,0.9214285714285716,40045.63320000005,82.8340718344005
PSP_L,Database,384.062843,36240.62690000005,38151.27808398916
SARCOX,Database,2.7951863157894734,30962.798400000007,324.99228935463736
SERD_L,Database,317.218,46562.44430000005,24525.877392566326
ENO,Database,66.2408972972973,44948.82740000005,5305.3048113613295
FBA,Database,7.543924240909091,37213.61340000001,729.7901167338059
FBP,Database,3.2,141475.46840000013,81.4275445084866
GAPD_num1,Database,6.45,39232.88790000006,591.850389886796
GLBRAN2,Database,500.075,82591.99560000043,21797.14858469881
GLCP_num1,Database,88.96070909090909,92099.65480000067,3477.3045938416526
GLCP2_num1,Database,88.96070909090909,92099.65480000067,3477.3045938416526
GLCS1,Database,303.75,44931.68110000008,24336.94830082817
GLGC,Database,104.63045454545454,175439.88760000013,2147.001126804393
HEX1,Database,119.03364363636364,34186.402600000045,12534.840887028824
PDH,Database,486.0,2277980.928600012,768.0485723272753
PFK,Database,80.562,74926.25080000008,3870.782227902423
PGI,Database,1231.8181818181818,59165.712000000174,74951.27337511702
PGK,Database,106.74176625000015,42696.70650000007,8999.999999999998
PGM_num1,Database,294.38454545454545,23104.858,45868.464702806814
PPS,Database,429.1593125,113444.81880000018,13618.722664837978
PYK_num1,Database,849.98,205881.33600000053,14862.580841227842
TPI,Database,11085.09090909091,54404.93979999999,733505.5864307247
GLYCK,Database,275.0,16319.490699999991,60663.65784319485
ATPPRT,Database,1.91,30229.11440000001,227.4628329832911
HISTD,Database,5.091545454545455,46770.7412000001,391.9023553204583
HISTP,Database,0.5265,27892.8008,67.95301818525158
HSTPT_num1,Database,2.85,36449.61920000005,281.48442220213883
IGPDH,Database,1000.0,21913.59040000001,164281.6140252397
PRAMPC,Database,4.2175,26080.98099999997,582.1483478708111
PRMICI,Database,7.91625,26608.541200000007,1071.0282756876577
PRPPS,Database,45.42,213301.1478000002,766.578153406448
CYANSTpp_num1,Database,129.49428807142857,33493.81449999999,13918.374004762669
FDMO,UniKP,24.79957202,35549.08860000003,2511.413450751588
FEROpp,Database,0.8543999812,18066.041799999985,170.2553313211089
PPTHpp,Database,1193.863548387097,50796.87810000012,84609.70309499274
SFRD,Database,30.49533333333333,62992.50870000005,1742.7977114364378
MI1PS,Database,2.03814,39222.89170000002,187.06688064001145
MI2DH_num1,Database,58.0,145723.70760000023,1432.8485284847343
UAGAAT_num1,Database,9.166666666666666,51947.94010000007,635.2513677438376
ACACT1r,Database,250225.12,42589.73690000003,21150880.41316356
ACCOAC_num1,Database,10.213722222222222,52238.23980000008,703.8790001496172
ACOAD1f,UniKP,1.864205411,43527.88540000008,154.18023223338085
ACOAD2f,UniKP,4.617195436,43527.88540000008,381.86793171441246
ACOAD3f,UniKP,2.053267454,43527.88540000008,169.8167224636184
ACOAD4f,UniKP,1.957009258,43527.88540000008,161.8556303403608
ACOAD5f,UniKP,2.123478322,43527.88540000008,175.62355462367546
ACOAD6f,UniKP,2.148047995,43527.88540000008,177.6556042393915
ACOAD7f,UniKP,5.036041555,43527.88540000008,416.5088524608173
ACOAD8f,UniKP,3.435945843,43527.88540000008,284.17197208481844
ACOATA_num1,Database,17.168145925555557,51947.94010000007,1189.755074272905
KAS14_num1,Database,0.1708571428571428,14750.437999999996,41.69948812948567
KAS15_num1,Database,10.381983333333334,14750.437999999996,2533.832554667191
MCOATA_num1,Database,92.33634818181818,51947.94010000007,6398.922706360497
ACHACB,Database,941.2701672666672,280510.9770000002,12079.999999999998
AHCYSNS,Database,1.74599625,22192.09929999999,283.2353269075361
CYSTL,Database,1998.5073727272727,35569.89750000005,202267.28350336605
HSST_num1,Database,0.8935,82355.25740000003,39.05761576795216
METAT,Database,0.9518819739285714,176704.1516000003,19.392725496908195
METS,Database,170.34306666666666,214717.15470000092,2856.013255469976
METSOXR1_num1,Database,0.05333333,13637.688199999988,14.078631596812732
SHSL1_num1,Database,14.128883307000017,41657.64120000005,1221.0
GLYOX,Database,454.7897614285714,53555.401000000114,30571.01824600013
LGTHL,Database,144.98947368421054,15924.73219999998,32776.82153192873
MDDCP3pp,Database,39.06617948717949,82828.45540000008,1697.946019573438
MDDCP4pp,Database,39.06617948717949,82828.45540000008,1697.946019573438
MDDCP5pp,Database,39.06617948717949,82828.45540000008,1697.946019573438
MPTG2_num1,UniKP,4.256283199,76166.84400000039,201.17177910640387
AGM4PApp,UniKP,1.523784917,42197.38030000007,129.99920047643317
NO3R1bpp,Database,335.0133333333333,255135.9711000004,4727.079426708084
NO3R2bpp,Database,335.0133333333333,255135.9711000004,4727.079426708084
3NTD7pp,UniKP,2.007794284,72286.71450000032,99.99153333217224
3NTD9pp,UniKP,2.833044145,72286.71450000032,141.09036484152222
ADK1,Database,32.576099996,19426.71540000001,6036.736399895988
ADK2,Database,32.576099996,19426.71540000001,6036.736399895988
ADNCYC,Database,389.699278126875,37721.78240000007,37191.17475362849
ADNK1,UniKP,2.179703208,19426.71540000001,403.9247699485007
ADPRDP,Database,16.53705882352941,23723.930099999998,2509.42451414093
ADPT,Database,4.7568125,39126.30839999997,437.6729034830184
AMPN,Database,41.333333333333336,53144.60900000006,2799.907700892104
AP5AH,UniKP,2.059121283,36408.95670000002,203.5992593767455
CYTK1,Database,91.2311111111111,24138.920399999995,13605.910892352918
CYTK2,Database,91.2311111111111,24138.920399999995,13605.910892352918
DCTPD_num1,Database,257.71,62064.73559999996,14948.19869981047
DGK1,Database,272.12,20656.945400000004,47423.85580396605
DTMPK,Database,2.8220666666666667,22377.862399999987,453.9951054484992
DUTPDP,Database,16.87076923076923,15863.01489999998,3828.7027789887097
GK1,Database,272.12,20656.945400000004,47423.85580396605
GP4GH,UniKP,6.982695162,55764.91419999999,450.7799024498456
GSNHYDRO_num1,Database,14.496153846153849,35257.424200000016,1480.1465231868478
GUAPRT,Database,4.52585,22046.88130000001,739.0188107920729
HXPRT_num1,Database,4.52585,33956.41260000002,479.8227713842773
INSH,Database,14.496153846153849,32751.82810000005,1593.3814041407288
NDPK1,Database,186.27745833333333,59198.19599999994,11328.028475732615
NDPK2,Database,186.27745833333333,59198.19599999994,11328.028475732615
NDPK3,Database,186.27745833333333,59198.19599999994,11328.028475732615
NDPK4,Database,186.27745833333333,59198.19599999994,11328.028475732615
NDPK5,Database,186.27745833333333,59198.19599999994,11328.028475732615
NDPK6,Database,186.27745833333333,59198.19599999994,11328.028475732615
NDPK7,Database,186.27745833333333,59198.19599999994,11328.028475732615
NDPK8,Database,186.27745833333333,59198.19599999994,11328.028475732615
NNATr,Database,12.058166666666668,24580.468999999997,1766.0118690168206
NTD1,Database,82.55666666666667,72286.71450000032,4111.460896455582
NTD10,Database,82.55666666666667,72286.71450000032,4111.460896455582
NTD11,Database,82.55666666666667,72286.71450000032,4111.460896455582
NTD12,Database,82.55666666666667,72286.71450000032,4111.460896455582
NTD2,Database,82.55666666666667,72286.71450000032,4111.460896455582
NTD3,Database,82.55666666666667,72286.71450000032,4111.460896455582
NTD4,Database,82.55666666666667,72286.71450000032,4111.460896455582
NTD5,Database,82.55666666666667,72286.71450000032,4111.460896455582
NTD6,Database,82.55666666666667,72286.71450000032,4111.460896455582
NTD7,Database,82.55666666666667,72286.71450000032,4111.460896455582
NTD8,Database,82.55666666666667,72286.71450000032,4111.460896455582
NTD9,Database,82.55666666666667,72286.71450000032,4111.460896455582
NTPTP1,Database,4000.0,46150.351800000106,312023.6236205672
NTPTP2,Database,4000.0,46150.351800000106,312023.6236205672
RNDR1,Database,1.046002377583338,118415.36350000052,31.8
RNDR1b,UniKP,10.88728417,80360.53450000047,487.7297451524512
RNDR2,Database,1.046002377583338,118415.36350000052,31.8
RNDR2b,UniKP,10.88728417,80360.53450000047,487.7297451524512
RNDR3,Database,1.046002377583338,118415.36350000052,31.8
RNDR3b,UniKP,10.88728417,80360.53450000047,487.7297451524512
RNDR4,Database,1.046002377583338,118415.36350000052,31.8
RNDR4b,UniKP,7.930389036,80360.53450000047,355.26643404294225
RNTR2c,UniKP,7.930389036,10917.149099999991,2615.0966949420917
RNTR3c,UniKP,3.368659884,10917.149099999991,1110.8372223660488
RNTR4c,UniKP,2.146932734,10917.149099999991,707.9648515929864
TMDS,Database,417.1682219400002,60459.162600000025,24840.0
UMPK,Database,147.5,157097.34600000008,3380.0698326246693
UPPRT_num1,Database,2.1397,22522.586999999992,342.0086688975828
URIDK2r,Database,2.8220666666666667,22377.862399999987,453.9951054484992
XTSNH_num1,Database,14.496153846153849,33530.99160000002,1556.355817587984
ATPS4rpp,Database,390.0,248590.4368000003,5647.84397208959
CAT,Database,157615.0,57219.48790000005,9916446.66571718
CRNCAL2,UniKP,9.537623399,63714.44920000022,538.8957240863958
CRNDCAL2,UniKP,1.523784917,63714.44920000022,86.09704345054561
CTBTCAL2,UniKP,1.523784917,63714.44920000022,86.09704345054561
CYTBD2pp,Database,44.29294117647059,142719.9730000003,1117.2548935059974
CYTBDpp,Database,44.29294117647059,142719.9730000003,1117.2548935059974
CYTBO3_4pp,Database,44.29294117647059,142719.9730000003,1117.2548935059974
G3PD5,Database,33.3,61514.93820000022,1948.7949351463308
LDH_D2,Database,161.88621545454546,63722.110700000245,9145.810916090097
NADH16pp,Database,720.1094060850043,272596.6206000016,9510.0
NADH17pp,Database,720.1094060850043,272596.6206000016,9510.0
NADH18pp,Database,720.1094060850043,272596.6206000016,9510.0
NADH5,Database,56.06028106249999,21221.557499999995,9510.0
NADPHQR2_num1,Database,81.48538461538462,34660.560100000046,8463.434629130077
NADPHQR3_num1,Database,81.48538461538462,34660.560100000046,8463.434629130077
NADPHQR4_num1,Database,81.48538461538462,34660.560100000046,8463.434629130077
NO3R1pp,Database,335.0133333333333,255135.9711000004,4727.079426708084
POX,Database,370.0,61949.663500000126,21501.327444659924
SPODM,Database,50519.8,22101.3662,8228960.977082042
TRDR,Database,14.073055,50590.38880000003,1001.4352370424948
L_LACD2,Database,137.01683783783784,43980.84790000005,11215.350311975582
L_LACD3,Database,137.01683783783784,43980.84790000005,11215.350311975582
G6PDH2r,Database,1174.2029,54242.36290000013,77930.42585170991
GND,Database,37.753022056923406,52578.3697000001,2584.9200000000005
PGL,Database,3.575,24478.0099,525.7780372088174
RPE,Database,1332.4597777777778,23869.71479999999,200959.8874637581
RPI,Database,7273.677142857143,16987.623999999996,1541430.2620711245
TALA,Database,154.62857142857143,38328.48000000005,14523.478550228352
TKT1,Database,64521.705882352944,72405.24720000032,3208029.116106237
TKT2,Database,154.62857142857143,38328.48000000005,14523.478550228352
ADSL1r,Database,123.31,52234.97390000013,8498.443989841811
ADSL2r,Database,123.31,52234.97390000013,8498.443989841811
ADSS,Database,77.78661538461539,93536.97860000007,2993.808647402848
AICART,Database,5.363333333333333,55758.90380000019,346.276534941491
AIRC2+AIRC3_reverse,Database,12.6186,83462.06960000009,544.2826929371993
ASPCT,Database,97.48194416666666,406723.1544000005,862.8350641057075
CTPS2,Database,3.4370333333333334,242292.2772000004,51.06774406097323
DHORD2,Database,96.02483185183333,39560.88880000002,8738.160469908345
DHORD5,UniKP,7.145941848,39560.88880000002,650.2733238086396
DHORTS,Database,64.35333333333334,406723.1544000005,569.6061251830214
GARFT,Database,6.3756,110167.4881000002,208.3387793971129
GMPS2,Database,88.30191666666667,111971.10640000014,2839.008296161657
IMPD_num1,Database,6.985,213441.4764000004,117.81215358946962
OMPDC,Database,120.18148148148148,28919.30839999999,14960.70816594402
ORPT,Database,262.62268,38889.66019999997,24310.87448791853
PRAGSr,Database,203.34,43544.64990000001,16810.882661385225
PRFGS,Database,499.525,113124.24060000035,15896.592900531652
ACALD,Database,8.8213,38867.74190000004,817.0446351554057
ACKr,Database,494.38461538461536,86182.93740000002,20651.241058588177
ALCD2x_num1,Database,292.8888888888889,36811.41970000001,28643.28538787652
FHL,UniKP,7.15181708,97859.95690000003,263.0957779218068
LDH_D,Database,883.2818489156626,63722.110700000245,49901.27635706789
PTAr,Database,366.3721052631579,35237.6429,37429.84690236952
LDH,Database,771.7073888888889,137619.5368000001,20187.15267177093
ASAD,Database,0.01689869804,72422.99160000002,0.8399999999999997
ASPK,Database,245.0,44754.18960000008,19707.65213007004
DAPDC_num1,Database,18.235,94821.2004000002,692.3135303399921
DAPDH,Database,108.92744444444445,70397.94340000005,5570.316135115955
DAPE,Database,71.69108333333334,58405.26679999999,4418.914836632509
DHDPS,Database,213.0,125045.43360000003,6132.171147111763
HSDy,Database,773.1900027000014,46437.83800000008,59940.0
HSK,Database,10.715428571428571,79057.4653000001,487.9430767323476
SDPDS,Database,175.03814666666668,39973.75570000007,15763.775931617029
SDPTA,Database,24.0,44323.21970000006,1949.3168723931824
THDPS_num1,UniKP,7.282025758,93509.48189999998,280.3490319498819
THRS,Database,3.175837452000011,52930.62420000019,216.0
ABUTt2pp,UniKP,12.93234698,29894.043200000004,1557.382145216141
ACt2rpp,UniKP,11.82717899,57267.730100000095,743.4875503123867
ALAabcpp,UniKP,11.82717899,33754.66590000004,1261.3913729775638
ARBabcpp,UniKP,11.82717899,77282.55130000011,550.9373545228694
ARBt3ipp,UniKP,12.93234698,33053.27929999996,1408.5273871146594
ARBTptspp,UniKP,5.198828362,42352.59060000009,441.9040686309272
ARGORNt7pp,UniKP,12.93234698,53629.27280000007,868.116360660403
ASCBptspp,UniKP,12.93234698,42352.59060000009,1099.2585924129962
CHTBSptspp,UniKP,7.061980439,59665.89070000024,426.0915119532423
CITt7pp,UniKP,9.537623399,51144.3682000001,671.3435993994727
CTBTt2rpp,UniKP,9.245855909,54274.90940000008,613.2682972732875
DALAt2pp,UniKP,1.936652018,48690.28870000007,143.18968835360366
DSERt2pp,UniKP,9.491264531,48690.28870000007,701.7529208365518
FE3DHBZStonex,UniKP,12.93234698,58607.624800000114,794.3752930932616
FRUpts2pp,UniKP,8.467705548,59665.89070000024,510.90731429908703
FRUURt2rpp,UniKP,2.438518479,47232.63890000006,185.8601748461695
FUMt2_2pp,UniKP,2.438518479,47236.07810000005,185.84664259838263
G3PCabcpp,UniKP,4.157139305,156521.3224000001,95.61445858318402
G3PEabcpp,UniKP,4.157139305,156521.3224000001,95.61445858318402
G3PGabcpp,UniKP,3.27403979,156521.3224000001,75.30311566036188
G3PIabcpp,UniKP,3.980646275,156521.3224000001,91.55510808538882
G3PSabcpp,UniKP,12.93234698,156521.3224000001,297.4447724701818
GALTptspp,UniKP,12.93234698,59665.89070000024,780.2858313485264
GAMptspp,UniKP,4.003173613,59665.89070000024,241.5354038584719
GLCabcpp,UniKP,12.93234698,97941.801,475.3481011442703
GLUabcpp,UniKP,9.010277072,112539.53140000002,288.2275859485229
GLYBabcpp_num1,UniKP,4.423408701,192625.6767000006,82.66951528170776
GLYC2Pabcpp,UniKP,4.423408701,156521.3224000001,101.7386709965593
GLYC3Pabcpp,UniKP,19.82515842,156521.3224000001,455.97985768103865
GTHRDabc2pp,UniKP,19.82515842,180059.7144000003,396.3716734185817
ILEt2rpp,UniKP,3.8316121,44831.84830000004,307.6786722621023
LEUt2rpp_num1,UniKP,3.8316121,27333.03840000001,504.6567951260038
LYSabcpp,UniKP,8.749611391,25081.59459999999,1255.84523272695
LYSt2pp,UniKP,8.749611391,53629.27280000007,587.339700187021
MALTabcpp,UniKP,12.93234698,121309.6752000002,383.7818298601786
MALTptspp,UniKP,13.58091441,59665.89070000024,819.4177829645607
METabcpp,UniKP,12.93234698,94594.12540000008,492.17061769038736
PA120abcpp_num1,UniKP,8.333699442,87329.29130000003,343.54244199849575
PA140abcpp_num1,UniKP,7.525238119,87329.29130000003,310.2150129140003
PA141abcpp_num1,UniKP,7.525238119,87329.29130000003,310.2150129140003
PA160abcpp_num1,UniKP,6.055162162,87329.29130000003,249.61365721285767
PA161abcpp_num1,UniKP,6.055162162,87329.29130000003,249.61365721285767
PA180abcpp_num1,UniKP,7.798863784,87329.29130000003,321.49476085809016
PA181abcpp_num1,UniKP,8.163358471,87329.29130000003,336.5204281189442
PGP120abcpp_num1,UniKP,8.163358471,87329.29130000003,336.5204281189442
PGP140abcpp_num1,UniKP,6.641564318,87329.29130000003,273.7870786408179
PGP141abcpp_num1,UniKP,6.641564318,87329.29130000003,273.7870786408179
PGP160abcpp_num1,UniKP,4.349051908,87329.29130000003,179.2821931305424
PGP161abcpp_num1,UniKP,5.999649427,87329.29130000003,247.32524008470904
PGP180abcpp_num1,UniKP,6.384346947,87329.29130000003,263.1837344270306
PGP181abcpp_num1,UniKP,8.189518482,87329.29130000003,337.59882962888526
PHEMEabcpp_num1,UniKP,8.189518482,87329.29130000003,337.59882962888526
PROabcpp,UniKP,10.81657317,66268.83220000006,587.6014729591079
PROt4pp,UniKP,10.81657317,56646.71450000013,687.412566742947
RIBabcpp,UniKP,12.93234698,120919.5478,385.0200399773576
SPMDabcpp,UniKP,12.93234698,133143.22440000018,349.67193665170043
THMabcpp,UniKP,12.93234698,95618.53820000008,486.8977292940875
TREptsp_num1,UniKP,12.93234698,59665.89070000024,780.2858313485264
TREptspp_num1,UniKP,8.560581091,59665.89070000024,516.5110512227697
TRPt2rpp,UniKP,2.942759864,49267.6267000001,215.02833036607345
URAt2pp_num1,UniKP,10.54511784,50443.91170000011,752.5670183900492
URAt2rpp_num1,UniKP,2.647118141,50443.91170000011,188.915272159593
VALt2rpp,UniKP,10.14208576,44831.84830000004,814.4100705301496
XANt2pp_num1,UniKP,3.929049619,50443.91170000011,280.4020971355393
XYLUt2pp,UniKP,2.925327475,49820.40310000008,211.38285229972345
ALATRS_num1,UniKP,3.815610794,96224.45300000068,142.75164399635403
ARGTRS_num1,UniKP,6.918899998,59722.31250000013,417.06422524747256
ASPTRS,UniKP,5.732941755,134018.70080000072,153.99783906873904
CYSTRS_num1,UniKP,4.985765685,51046.5241000001,351.61564440388537
FMETTRS_num1,Database,12.649192307692308,33589.64190000001,1355.6885316985858
GLNTRS,Database,112.51211111111112,116722.74150000016,3470.1343953611604
GLUTRS_num1,Database,1.2668428571428572,87941.30590000008,51.859979096743
GLYTRS_num1,UniKP,3.038311049,106086.52780000016,103.10375882054257
ILETRS_num1,Database,20.543333333333333,117402.43270000065,629.9358394811148
LEUTRS_num1,Database,9.298846274509804,106777.27010000052,313.5109799762069
LYSTRS_num1,UniKP,8.560581091,117852.28380000018,261.497621716856
METTRS_num1,Database,6.187476190476191,67618.3354000002,329.4212162122261
PHETRS,Database,20.840466666666668,254560.9390000012,294.72581415957006
PROTRS_num1,Database,50.800275862068965,128661.6236000004,1421.4105806095831
SERTRS_num1,Database,1.803436206896552,92942.14300000011,69.85389119796363
SERTRS2,Database,1.803436206896552,92942.14300000011,69.85389119796363
THRTRS_num1,Database,23.481176470588235,155240.05940000064,544.5259143859699
TRPTRS,Database,9.55,75652.13160000005,454.4485300398327
TYRTRS,Database,6.196153846153846,92889.29820000018,240.13696172110605
VALTRS_num1,Database,14.6324,101584.12620000068,518.551883748936
ANPRT,Database,0.0598333964433334,73265.38340000014,2.939999999999998
ANS,Database,8.2855,156517.12100000022,190.5721227775456
CHORM,Database,1.05,11532.071499999993,327.78152650198217
CHORS,Database,0.43915,174931.89720000015,9.037459864695268
DDPA,Database,0.6887,90032.30260000011,27.53811608057214
DHQS,Database,1476.1764705882354,38857.68100000005,136761.51425808558
DHQTi,Database,52.26,185368.90679999985,1014.9274937624014
IGPS,Database,4.483666666666667,50476.53320000012,319.7763193451638
PHETA1_num1,Database,2.85,36449.61920000005,281.48442220213883
PPND,Database,37.441818181818185,36289.59930000002,3714.3023911687383
PPNDH,Database,1932.0,33739.434400000035,206144.534539085
PRAIi,Database,4.483666666666667,50476.53320000012,319.7763193451638
PSCVT,Database,5.67,45527.32590000005,448.3461217299384
SHK3Dr_num1,Database,121.6825,28870.2389,15173.307069516492
SHKK,Database,65.87383333333334,18381.7814,12901.13263995186
TRPS1,Database,20.55881363636364,147740.78900000005,500.95663893407993
TRPS2,Database,20.55881363636364,147740.78900000005,500.95663893407993
TRPS3,Database,20.55881363636364,147740.78900000005,500.95663893407993
TYRTA_num1,Database,2.85,36449.61920000005,281.48442220213883
INPSHE,Database,4.483666666666667,50476.53320000012,319.7763193451638
ACHBS,Database,64.40225,85593.6848000002,2708.7056777814923
ACLS,Database,64.40225,85593.6848000002,2708.7056777814923
DHAD1,Database,14.895461538461538,129346.78940000029,414.5728068489764
DHAD2,Database,14.895461538461538,129346.78940000029,414.5728068489764
ILETA,Database,14.409230769230769,41690.674299999984,1244.2406279149768
IPMD,Database,47.95325,72288.42920000014,2388.095880772018
IPPMIa,Database,3.2,73902.9218000001,155.88016981488255
IPPMIb,Database,3.2,73902.9218000001,155.88016981488255
IPPS,Database,2.584911764705882,136373.84220000054,68.23656357275486
KARA1,Database,1.51457,36158.381400000006,150.7935861310429
KARA2,Database,1.51457,36158.381400000006,150.7935861310429
THRD_L_num1,Database,26048.67963750001,32059.913400000016,2924999.9999999995
VALTA,Database,14.409230769230769,41690.674299999984,1244.2406279149768
LEUTAi,Database,14.409230769230769,41690.674299999984,1244.2406279149768
ALAR_reverse,Database,275.128125,78346.4468000001,12642.069812411692
ALATA_L_reverse,Database,1.29,46748.85590000004,99.33932950004017
ASPTA_reverse,Database,452.2572727272727,47295.00260000007,34424.90944737107
2METS_reverse,Database,18.301538461538463,85189.59560000009,773.3988874756251
ALCD19_reverse_num1,Database,292.8888888888889,37284.043600000055,28280.19437247945
ARAI_reverse_num1,Database,191.76103448275865,7458.6584,92555.48211430771
GUI1_reverse,Database,67.86666666666666,57453.80120000014,4252.460148798638
HCO3E_reverse,Database,2907913.636363636,22228.03730000002,470958769.3065945
MALGT_reverse,Database,105.25666666666666,69449.90270000021,5456.076758477573
MAN1PG_reverse,Database,104.49166666666667,37033.46390000001,10157.569948513508
MAN6PI_reverse,Database,22925.15333333333,42833.65220000009,1926768.9716171296
MCITL2_reverse_num1,Database,63.21666666666667,133657.83880000003,1702.7059695356977
MM_COA_ADD5_reverse,Database,3.84,57996.135500000055,238.36070939588703
PGMT_reverse,Database,80.77727272727273,59206.42900000016,4911.598060038058
PMANM_reverse_num1,Database,24.803846153846155,62579.15660000019,1426.8943687529002
UDPG4E_reverse,Database,4496.622911923077,70526.10140000012,229529.8075688478
XYLI1_reverse,Database,4.944916666666667,37328.38340000004,476.89448024689926
ACOTA_reverse,Database,1.185,82411.52100000004,51.764607038377534
ARGSL_reverse,Database,7.315875950000017,51040.99500000012,516.0
OCBT_reverse,Database,1190.9444444444443,34328.29050000001,124894.07242693887
3OAR100_reverse,Database,25.627636363636363,49743.12779999994,1854.718329736616
3OAR120_reverse,Database,25.627636363636363,49743.12779999994,1854.718329736616
3OAR140_reverse,Database,25.627636363636363,49743.12779999994,1854.718329736616
3OAR160_reverse,Database,25.627636363636363,49743.12779999994,1854.718329736616
3OAR180_reverse,Database,25.627636363636363,49743.12779999994,1854.718329736616
3OAR40_reverse,Database,25.627636363636363,49743.12779999994,1854.718329736616
3OAR60_reverse,Database,25.627636363636363,49743.12779999994,1854.718329736616
3OAR80_reverse,Database,25.627636363636363,49743.12779999994,1854.718329736616
ALAALAr_reverse,Database,1.5493431307692307,38559.13410000003,144.6514658836497
GLUR_reverse,Database,3855.6993939393938,29230.0265,474871.8862154237
PGAMT_reverse,Database,1.5664,46353.25000000006,121.6536057342256
G1PTT_reverse,Database,6.283753333333333,30834.505299999983,733.6427738959059
GALUi_reverse_num1,Database,178.62,32988.40869999999,19492.665009937267
PAPPT3_reverse,Database,204.052,39267.773800000046,18707.126198226168
ACONTa_reverse,Database,0.5114488869583371,101724.64050000074,18.100000000000005
ACONTb_reverse,Database,0.5114488869583371,101724.64050000074,18.100000000000005
FUM_reverse,Database,374.3333333333333,200973.2628000004,6705.369566204791
MDH_reverse,Database,327.54545454545456,139630.61200000005,8444.879095449614
PYRC_reverse,UniKP,10.78523611,123101.8372000007,315.4043097904292
AMAOTr_reverse,Database,15.193350301700017,91480.2828000001,597.9
DHFR_reverse,Database,42.555625,16986.04969999999,9019.180604422703
G1SAT_reverse,Database,0.51,92032.86340000026,19.94939559818145
GTHOr_reverse,Database,233.7,50150.21280000008,16776.000599542793
ICHORS_reverse,Database,10.242083333333332,40372.128000000055,913.2909714345486
IPDDI_reverse,Database,2151.6445714285715,21120.492299999987,366749.0486073027
OHPBAT_reverse,Database,0.9214285714285716,40045.63320000005,82.8340718344005
PY5PSH_reverse,Database,0.016436,655015.6032000005,0.0903331152890618
TRATF_reverse_num1,Database,3.7,47395.97050000011,281.03654929905844
RBFK_reverse,Database,3.952,37168.53070000005,382.7754213593377
SERAT_reverse,Database,1026.58444,19492.143799999994,189599.6675337477
MTHFC_reverse,Database,2231.975,60298.613000000005,133255.30389894705
MTHFD_reverse,Database,94.9512,60298.613000000005,5668.858751361328
GHMT2r_reverse,Database,0.0597266437716667,93080.48380000018,2.309999999999997
ENO_reverse,Database,66.2408972972973,44948.82740000005,5305.3048113613295
FBA_reverse,UniKP,7.95461901,37213.61340000001,769.5202325071715
GAPD_reverse_num1,Database,6.45,39232.88790000006,591.850389886796
PGI_reverse,Database,1231.8181818181818,59165.712000000174,74951.27337511702
PGK_reverse,Database,106.74176625000015,42696.70650000007,8999.999999999998
PGM_reverse_num1,Database,294.38454545454545,23104.858,45868.464702806814
TPI_reverse,Database,11085.09090909091,54404.93979999999,733505.5864307247
PRMICI_reverse,Database,7.91625,26608.541200000007,1071.0282756876577
PRPPS_reverse,Database,45.42,213301.1478000002,766.578153406448
MI2DH_reverse_num1,Database,58.0,145723.70760000023,1432.8485284847343
UAGAAT_reverse_num1,Database,9.166666666666666,51947.94010000007,635.2513677438376
ACACT1r_reverse,Database,250225.12,42589.73690000003,21150880.41316356
ACOAD1f_reverse,UniKP,8.323404424,43527.88540000008,688.3921801172529
ACOAD2f_reverse,UniKP,3.435945843,43527.88540000008,284.17197208481844
ACOAD3f_reverse,UniKP,14.79234266,43527.88540000008,1223.4096163100055
ACOAD4f_reverse,UniKP,6.57888453,43527.88540000008,544.110610712092
ACOAD5f_reverse,UniKP,7.26553543,43527.88540000008,600.9004873000321
ACOAD6f_reverse,UniKP,14.79234266,43527.88540000008,1223.4096163100055
ACOAD7f_reverse,UniKP,2.198879436,43527.88540000008,181.8596492077693
ACOAD8f_reverse,UniKP,2.198879436,43527.88540000008,181.8596492077693
ACOATA_reverse_num1,Database,17.168145925555557,51947.94010000007,1189.755074272905
MCOATA_reverse_num1,Database,92.33634818181818,51947.94010000007,6398.922706360497
ADK1_reverse,Database,32.576099996,19426.71540000001,6036.736399895988
ADK2_reverse,Database,32.576099996,19426.71540000001,6036.736399895988
CYTK1_reverse,Database,91.2311111111111,24138.920399999995,13605.910892352918
CYTK2_reverse,Database,91.2311111111111,24138.920399999995,13605.910892352918
DGK1_reverse,Database,272.12,20656.945400000004,47423.85580396605
DTMPK_reverse,Database,2.8220666666666667,22377.862399999987,453.9951054484992
GK1_reverse,Database,272.12,20656.945400000004,47423.85580396605
NDPK1_reverse,Database,186.27745833333333,59198.19599999994,11328.028475732615
NDPK2_reverse,Database,186.27745833333333,59198.19599999994,11328.028475732615
NDPK3_reverse,Database,186.27745833333333,59198.19599999994,11328.028475732615
NDPK4_reverse,Database,186.27745833333333,59198.19599999994,11328.028475732615
NDPK5_reverse,Database,186.27745833333333,59198.19599999994,11328.028475732615
NDPK6_reverse,Database,186.27745833333333,59198.19599999994,11328.028475732615
NDPK7_reverse,Database,186.27745833333333,59198.19599999994,11328.028475732615
NDPK8_reverse,Database,186.27745833333333,59198.19599999994,11328.028475732615
NNATr_reverse,Database,12.058166666666668,24580.468999999997,1766.0118690168206
UMPK_reverse,Database,147.5,157097.34600000008,3380.0698326246693
URIDK2r_reverse,Database,2.8220666666666667,22377.862399999987,453.9951054484992
ATPS4rpp_reverse,Database,107.38777777777776,248590.4368000003,1555.152342046971
G6PDH2r_reverse,Database,1174.2029,54242.36290000013,77930.42585170991
RPE_reverse,Database,1332.4597777777778,23869.71479999999,200959.8874637581
RPI_reverse,Database,7273.677142857143,16987.623999999996,1541430.2620711245
TALA_reverse,Database,154.62857142857143,38328.48000000005,14523.478550228352
TKT1_reverse,Database,64521.705882352944,72405.24720000032,3208029.116106237
TKT2_reverse,Database,154.62857142857143,38328.48000000005,14523.478550228352
ADSL1r_reverse,Database,123.31,52234.97390000013,8498.443989841811
ADSL2r_reverse,Database,123.31,52234.97390000013,8498.443989841811
AICART_reverse,Database,5.363333333333333,55758.90380000019,346.276534941491
DHORTS_reverse,Database,64.35333333333334,406723.1544000005,569.6061251830214
GARFT_reverse,Database,6.3756,110167.4881000002,208.3387793971129
ORPT_reverse,Database,262.62268,38889.66019999997,24310.87448791853
PRAGSr_reverse,Database,203.34,43544.64990000001,16810.882661385225
ACALD_reverse,Database,8.8213,38867.74190000004,817.0446351554057
ACKr_reverse,Database,494.38461538461536,86182.93740000002,20651.241058588177
ALCD2x_reverse_num1,Database,292.8888888888889,36811.41970000001,28643.28538787652
LDH_D_reverse,Database,883.2818489156626,63722.110700000245,49901.27635706789
PTAr_reverse,Database,366.3721052631579,35237.6429,37429.84690236952
ASAD_reverse,Database,330.0,72422.99160000002,16403.630584075454
ASPK_reverse,Database,0.02536070744,44754.18960000008,2.0399999999999965
DAPE_reverse,Database,71.69108333333334,58405.26679999999,4418.914836632509
HSDy_reverse,Database,773.1900027000014,46437.83800000008,59940.0
SDPTA_reverse,Database,24.0,44323.21970000006,1949.3168723931824
ACt2rpp_reverse,UniKP,6.12486614,57267.730100000095,385.0251802454444
ARGORNt7pp_reverse,UniKP,10.81657317,53629.27280000007,726.0897151676453
CTBTt2rpp_reverse,UniKP,2.288113879,54274.90940000008,151.76828585180442
FRUURt2rpp_reverse,UniKP,19.74019877,47232.63890000006,1504.5679688246234
ILEt2rpp_reverse,UniKP,7.158534967,44831.84830000004,574.8307700532608
LEUt2rpp_reverse_num1,UniKP,3.435945843,27333.03840000001,452.5440916513692
LYSt2pp_reverse,UniKP,0.730055014,53629.27280000007,49.00678143075616
TRPt2rpp_reverse,UniKP,3.435945843,49267.6267000001,251.06557517210328
URAt2rpp_reverse_num1,UniKP,0.730055014,50443.91170000011,52.101392652306814
VALt2rpp_reverse,UniKP,3.435945843,44831.84830000004,275.9066490417257
PHETA1_reverse_num1,Database,2.85,36449.61920000005,281.48442220213883
PSCVT_reverse,Database,5.67,45527.32590000005,448.3461217299384
SHK3Dr_reverse_num1,Database,121.6825,28870.2389,15173.307069516492
TYRTA_reverse_num1,Database,2.85,36449.61920000005,281.48442220213883
ILETA_reverse,Database,14.409230769230769,41690.674299999984,1244.2406279149768
IPPMIa_reverse,Database,3.2,73902.9218000001,155.88016981488255
IPPMIb_reverse,Database,3.2,73902.9218000001,155.88016981488255
KARA1_reverse,Database,1.51457,36158.381400000006,150.7935861310429
KARA2_reverse,Database,1.51457,36158.381400000006,150.7935861310429
LEUTAi_reverse,Database,14.409230769230769,41690.674299999984,1244.2406279149768
ADNUC_num2,Database,14.496153846153849,24571.651799999985,2123.835803588666
ADNUC_num3,Database,14.496153846153849,28829.106499999994,1810.1897762996527
ALCD19_num3,Database,292.8888888888889,12076.66319999998,87308.88512316893
ARAI_num2,Database,191.76103448275865,40744.81530000008,16943.007817191647
FFSD_num2,Database,313.92430842500096,54595.53190000016,20700.000000000004
GNK_num2,Database,0.5567794417022235,53766.25510000012,37.28
MCITL2_num2,Database,63.21666666666667,133097.44480000008,1709.8750493818636
MSDH_num2,Database,1.4538333333333333,25097.803900000006,208.53617395584155
PGLYCP_num2,Database,36.91105263157895,25017.146199999992,5311.548663919319
PMANM_num2,Database,24.803846153846155,48814.1480000001,1829.2615934594608
RBK_num2,Database,11.399090909090908,60213.00160000005,681.5260190039627
UDPGPpp_num2,Database,330.67195297476894,59543.22070000021,19992.52
ME1_num2,Database,87.049,40932.37550000005,7655.954392385548
AMPTASEPG_num2,Database,239.1273170731708,52787.107000000135,16308.117462535172
SPMDAT2_num2,Database,1.9095,16178.071199999997,424.9085020716192
SPMDAT2_num3,Database,1.9095,17177.082099999992,400.1960263087992
SPMDAT2_num4,Database,1.9095,16649.546399999985,412.87611294923965
SPMDAT2_num6,Database,1.9095,9419.612999999992,729.7752041405529
SSALy_num2,Database,4.218571428571429,47697.5973000001,318.39878741349327
SSALy_num3,Database,4.218571428571429,55879.63930000006,271.77800954161006
3OAS100_num2,Database,0.1708571428571428,72794.94800000028,8.449565954572998
3OAS100_num3,Database,0.1708571428571428,65266.35630000022,9.42423859941622
3OAS120_num2,Database,0.1708571428571428,72794.94800000028,8.449565954572998
3OAS120_num3,Database,0.1708571428571428,65266.35630000022,9.42423859941622
3OAS121_num2,UniKP,7.802865546,72794.94800000028,385.8827671063093
3OAS121_num3,UniKP,7.802865546,65266.35630000022,430.39503900725504
3OAS140_num2,Database,0.1708571428571428,72794.94800000028,8.449565954572998
3OAS140_num3,Database,0.1708571428571428,65266.35630000022,9.42423859941622
3OAS141_num2,UniKP,5.036041555,72794.94800000028,249.052305085786
3OAS141_num3,UniKP,5.036041555,65266.35630000022,277.78093685306493
3OAS160_num2,UniKP,5.036041555,72794.94800000028,249.052305085786
3OAS160_num3,UniKP,5.036041555,65266.35630000022,277.78093685306493
3OAS161_num2,UniKP,5.036041555,72794.94800000028,249.052305085786
3OAS161_num3,UniKP,5.036041555,65266.35630000022,277.78093685306493
3OAS180_num2,UniKP,5.036041555,72794.94800000028,249.052305085786
3OAS180_num3,UniKP,5.036041555,65266.35630000022,277.78093685306493
3OAS181_num2,UniKP,5.036041555,72794.94800000028,249.052305085786
3OAS181_num3,UniKP,5.036041555,65266.35630000022,277.78093685306493
3OAS60_num2,Database,0.1708571428571428,72794.94800000028,8.449565954572998
3OAS60_num3,Database,0.1708571428571428,65266.35630000022,9.42423859941622
3OAS80_num2,UniKP,5.318051598,72794.94800000028,262.9988244898524
3OAS80_num3,UniKP,5.318051598,65266.35630000022,293.3362123786883
AACPS1_num2,UniKP,5.036041555,72794.94800000028,249.052305085786
AACPS1_num3,UniKP,3.493627665,65266.35630000022,192.70356592589437
AACPS2_num2,UniKP,3.962805676,72794.94800000028,195.976517952866
AACPS2_num3,UniKP,4.364763907,65266.35630000022,240.7542102239274
AACPS3_num2,UniKP,5.036041555,72794.94800000028,249.052305085786
AACPS3_num3,UniKP,12.93234698,65266.35630000022,713.3299875666545
AACPS4_num2,UniKP,3.307973996,72794.94800000028,163.5924842696495
AACPS4_num3,UniKP,2.644307853,65266.35630000022,145.8562850826708
AACPS5_num2,UniKP,20.6498801,72794.94800000028,1021.2187851277772
AACPS5_num3,UniKP,4.071080595,65266.35630000022,224.55505367318855
AACPS6_num2,UniKP,5.513106996,72794.94800000028,272.64509050270806
AACPS6_num3,UniKP,5.513106996,65266.35630000022,304.09519254256173
AACPS7_num2,UniKP,4.848454601,72794.94800000028,239.7753833631413
AACPS7_num3,UniKP,4.848454601,65266.35630000022,267.4339055082188
AACPS8_num2,Database,0.016,72794.94800000028,0.7912637014315853
AACPS8_num3,Database,0.016,65266.35630000022,0.8825373939252651
AACPS9_num2,Database,0.016,72794.94800000028,0.7912637014315853
AACPS9_num3,Database,0.016,65266.35630000022,0.8825373939252651
FA100ACPHi_num2,Database,3.282793103448276,36257.034700000055,325.9520606193914
FA120ACPHi_num2,Database,3.282793103448276,36257.034700000055,325.9520606193914
FA140ACPHi_num2,Database,3.282793103448276,36257.034700000055,325.9520606193914
FA141ACPHi_num2,Database,3.282793103448276,36257.034700000055,325.9520606193914
FA160ACPHi_num2,Database,3.282793103448276,36257.034700000055,325.9520606193914
FA161ACPHi_num2,Database,3.282793103448276,36257.034700000055,325.9520606193914
FA80ACPHi_num2,Database,3.282793103448276,36257.034700000055,325.9520606193914
MI1PP_num2,Database,108.48764705882353,29201.97669999999,13374.283988513862
TDPGDH_num2,Database,79.22800000000001,41964.41010000003,6796.730832634768
TDPGDH_num3,Database,79.22800000000001,65758.50510000018,4337.397870682423
UAGCVT_num2,Database,0.5996874999999999,44196.98910000009,48.84665322145202
UAMDH_num2,Database,30.20769230769231,38885.64590000006,2796.6024426430354
UDPGD_num2,Database,8.299518518518518,46982.94210000011,635.9386051872344
GALUi_num2,Database,178.62,31965.24090000002,20116.60109215694
CS_num2,Database,103.70476667142856,293573.0130000001,1271.7012241760203
ACPS1_num2,Database,0.4783178048780487,72794.94800000028,23.654719796777226
ACPS1_num3,Database,0.4783178048780487,65266.35630000022,26.383334311570408
BMOCOS_num2,UniKP,3.896113435,44180.44000000003,317.470997708488
BMOCOS_num3,UniKP,3.896113435,42035.61430000005,333.66964179229285
BWCOS_num2,UniKP,3.962805676,44180.44000000003,322.9053498244922
BWCOS_num3,UniKP,3.962805676,42035.61430000005,339.38127635736686
CPMPS_num2,Database,0.000725,16369.532999999989,0.1594425448789529
DHPPDA2_num2,Database,6.166667,25102.051100000008,884.3899293950524
DHPS2_num2,Database,77.02221538461538,29019.54499999999,9554.938762293325
DMATT_num2,Database,0.675,40156.58580000007,60.51311264614522
GRTT_num2,Database,7.893761928571428,23797.8431,1194.1226279812367
GTPDPDP_num2,Database,3.89325,12130.043999999993,1155.4533520241157
MOCOS_num2,UniKP,4.364763907,44180.44000000003,355.65852366341284
MOCOS_num3,UniKP,4.364763907,42035.61430000005,373.805648540266
NADDP_num2,Database,109.25463121428572,74705.12960000036,5264.921893280896
PANTS_num2,Database,2.227222222222222,28063.984400000016,285.7042637181624
TMPPP_num2,Database,999.0,23130.145299999986,155485.4045815269
TMPPP_num3,Database,999.0,19859.433499999992,181092.77890529967
TRATF_num2,Database,3.7,42060.62300000007,316.6857514212278
UPP3MT_num2,Database,12.673703706666666,26227.7399,1739.5831100185646
WCOS_num2,UniKP,6.066441308,44180.44000000003,494.3180445645173
WCOS_num3,UniKP,6.066441308,42035.61430000005,519.5401345377738
AMPTASECG_num2,Database,239.1273170731708,52787.107000000135,16308.117462535172
MCPST_num2,Database,354.759,30498.728500000005,41874.93914705329
MCPST_num3,Database,354.759,26224.522700000005,48699.92924599538
GLNS_num2,Database,127.194,50381.07030000004,9088.699332376023
G3PAT120_num2,Database,0.029745,36468.071600000025,2.9363219743157445
G3PAT120_num4,Database,0.029745,39787.823900000025,2.691325875703394
G3PAT120_num5,Database,0.029745,32647.44630000001,3.2799502606119595
G3PAT140_num2,Database,0.029745,36468.071600000025,2.9363219743157445
G3PAT140_num4,Database,0.029745,39787.823900000025,2.691325875703394
G3PAT140_num5,Database,0.029745,32647.44630000001,3.2799502606119595
G3PAT141_num2,Database,0.029745,36468.071600000025,2.9363219743157445
G3PAT141_num4,Database,0.029745,39787.823900000025,2.691325875703394
G3PAT141_num5,Database,0.029745,32647.44630000001,3.2799502606119595
G3PAT160_num2,Database,0.029745,36468.071600000025,2.9363219743157445
G3PAT160_num4,Database,0.029745,39787.823900000025,2.691325875703394
G3PAT160_num5,Database,0.029745,32647.44630000001,3.2799502606119595
G3PAT161_num2,Database,0.029745,36468.071600000025,2.9363219743157445
G3PAT161_num4,Database,0.029745,39787.823900000025,2.691325875703394
G3PAT161_num5,Database,0.029745,32647.44630000001,3.2799502606119595
G3PAT180_num2,Database,0.029745,36468.071600000025,2.9363219743157445
G3PAT180_num4,Database,0.029745,39787.823900000025,2.691325875703394
G3PAT180_num5,Database,0.029745,32647.44630000001,3.2799502606119595
G3PAT181_num2,Database,0.029745,36468.071600000025,2.9363219743157445
G3PAT181_num4,Database,0.029745,39787.823900000025,2.691325875703394
G3PAT181_num5,Database,0.029745,32647.44630000001,3.2799502606119595
LPLIPAL1A180pp_num2,Database,1034.85,33281.47760000002,111937.93871699968
GAPD_num2,Database,6.45,144180.3724000001,161.04827316980894
GLCP_num2,Database,88.96070909090909,94903.93900000058,3374.5549036407306
GLCP2_num2,Database,88.96070909090909,94903.93900000058,3374.5549036407306
PGM_num2,Database,294.38454545454545,40788.52830000008,25982.41240384154
PGM_num3,Database,294.38454545454545,26261.725800000004,40354.711328086574
PGM_num5,Database,294.38454545454545,27245.198199999995,38898.02363912933
PYK_num2,Database,849.98,58546.45210000011,52264.96039031534
HSTPT_num2,Database,2.85,79835.55380000017,128.5141708380055
CYANSTpp_num2,Database,129.49428807142857,30498.728500000005,15285.208924599685
CYANSTpp_num3,Database,129.49428807142857,26224.522700000005,17776.469848091565
CYANSTpp_num4,Database,129.49428807142857,10985.42489999999,42436.17714387572
CYANSTpp_num5,Database,129.49428807142857,20770.4874,22444.318618018704
MI2DH_num2,Database,58.0,35211.25800000003,5929.921617682612
MI2DH_num3,Database,58.0,36224.43570000004,5764.064945806727
MI2DH_num4,Database,58.0,38022.71920000005,5491.453646481962
UAGAAT_num2,Database,9.166666666666666,36468.071600000025,904.9011519435531
UAGAAT_num4,Database,9.166666666666666,39787.823900000025,829.3994686148185
UAGAAT_num5,Database,9.166666666666666,32647.44630000001,1010.7988139948324
ACCOAC_num2,Database,10.213722222222222,55812.93600000009,658.7970932043414
ACOATA_num2,Database,17.168145925555557,36468.071600000025,1694.7790936112992
ACOATA_num4,Database,17.168145925555557,39787.823900000025,1553.3728481189935
ACOATA_num5,Database,17.168145925555557,32647.44630000001,1893.113622550012
KAS14_num2,Database,0.1708571428571428,72794.94800000028,8.449565954572998
KAS14_num3,Database,0.1708571428571428,65266.35630000022,9.42423859941622
KAS15_num2,Database,10.381983333333334,72794.94800000028,513.4304100333976
KAS15_num3,Database,10.381983333333334,65266.35630000022,572.6555321734711
MCOATA_num2,Database,92.33634818181818,36468.071600000025,9115.12012756236
MCOATA_num4,Database,92.33634818181818,39787.823900000025,8354.587430818132
MCOATA_num5,Database,92.33634818181818,32647.44630000001,10181.833225177716
HSST_num2,Database,0.8935,38835.93250000002,82.82535767616751
METSOXR1_num2,Database,0.05333333,23930.2477,8.023318036946186
SHSL1_num2,Database,13.770658424416684,40601.44990000005,1221.0
MPTG2_num2,UniKP,6.100909884,28152.784200000016,780.1457726657098
MPTG2_num3,UniKP,6.100909884,38570.10639999998,569.4377753233268
MPTG2_num4,UniKP,6.641564318,23104.664300000022,1034.8400320536134
DCTPD_num2,Database,257.71,29819.835399999974,31112.04295916404
GSNHYDRO_num2,Database,14.496153846153849,28756.02880000001,1814.7900118306263
HXPRT_num2,Database,4.52585,17774.197499999995,916.6692335898712
UPPRT_num2,Database,2.1397,20951.408099999982,367.65643450952615
XTSNH_num2,Database,14.496153846153849,55954.80010000014,932.6483832108931
XTSNH_num3,Database,14.496153846153849,29078.515199999994,1794.6636369574285
NADPHQR2_num2,Database,81.48538461538462,35840.13280000004,8184.885537460518
NADPHQR2_num3,Database,81.48538461538462,36234.82500000005,8095.73068492491
NADPHQR2_num4,Database,81.48538461538462,33175.92590000003,8842.176266597713
NADPHQR3_num2,Database,81.48538461538462,35840.13280000004,8184.885537460518
NADPHQR3_num3,Database,81.48538461538462,36234.82500000005,8095.73068492491
NADPHQR3_num4,Database,81.48538461538462,33175.92590000003,8842.176266597713
NADPHQR4_num2,Database,81.48538461538462,35840.13280000004,8184.885537460518
NADPHQR4_num3,Database,81.48538461538462,36234.82500000005,8095.73068492491
NADPHQR4_num4,Database,81.48538461538462,33175.92590000003,8842.176266597713
IMPD_num2,Database,6.985,39770.42970000006,632.2788109075915
IMPD_num3,Database,6.985,50818.08350000015,494.82385537030194
ALCD2x_num2,Database,292.8888888888889,35528.24010000003,29677.79988629381
DAPDC_num2,Database,18.235,47030.927100000015,1395.8049319423255
THDPS_num2,UniKP,8.189518482,34948.319300000025,843.5961192331208
GLYBabcpp_num2,UniKP,12.93234698,67401.7152000002,690.7309256130007
LEUt2rpp_num2,UniKP,11.72581356,11479.888099999986,3677.120233950717
LEUt2rpp_num3,UniKP,12.93234698,44831.84830000004,1038.4682071651273
PA120abcpp_num2,UniKP,12.93234698,124789.74090000006,373.0791392964578
PA140abcpp_num2,UniKP,6.918899998,124789.74090000006,199.6000617771936
PA141abcpp_num2,UniKP,3.712622561,124789.74090000006,107.10368595372243
PA160abcpp_num2,UniKP,7.855711468,124789.74090000006,226.62569118933067
PA161abcpp_num2,UniKP,11.16253885,124789.74090000006,322.0227846470349
PA180abcpp_num2,UniKP,11.78314502,124789.74090000006,339.92635745587944
PA181abcpp_num2,UniKP,5.116358701,124789.74090000006,147.59940353077528
PGP120abcpp_num2,UniKP,5.036041555,124789.74090000006,145.28237231078336
PGP140abcpp_num2,UniKP,5.804048193,124789.74090000006,167.43823125287045
PGP141abcpp_num2,UniKP,7.802865546,124789.74090000006,225.1011642704676
PGP160abcpp_num2,UniKP,11.88246361,124789.74090000006,342.79155231421737
PGP161abcpp_num2,UniKP,4.576486127,124789.74090000006,132.024875910292
PGP180abcpp_num2,TurNuP,8.138577461,124789.74090000006,234.7859579504904
PGP181abcpp_num2,TurNuP,8.138577461,124789.74090000006,234.7859579504904
TREptsp_num2,TurNuP,34.43438339,70672.65460000037,1754.05580709571
TREptsp_num3,TurNuP,13.19972992,37186.542300000045,1277.8555029032625
TREptspp_num2,TurNuP,34.43438339,70672.65460000037,1754.05580709571
TREptspp_num3,TurNuP,13.19972992,37186.542300000045,1277.8555029032625
URAt2pp_num2,TurNuP,35.2750473,66934.41170000029,1897.232933773577
URAt2rpp_num2,TurNuP,35.2750473,66934.41170000029,1897.232933773577
XANt2pp_num2,TurNuP,35.2750473,66934.41170000029,1897.232933773577
CYSTRS_num2,TurNuP,6.464971542,17903.293699999987,1299.97853697725
FMETTRS_num2,Database,12.649192307692308,67618.3354000002,673.4429654074593
PHETA1_num2,Database,2.85,79835.55380000017,128.5141708380055
SHK3Dr_num2,Database,121.6825,29304.723,14948.341262260012
TYRTA_num2,Database,2.85,79835.55380000017,128.5141708380055
THRD_L_num2,Database,151356.31875,186284.7,2925000.0000000005
ALCD19_reverse_num3,Database,292.8888888888889,12076.66319999998,87308.88512316893
ARAI_reverse_num2,Database,191.76103448275865,40744.81530000008,16943.007817191647
MCITL2_reverse_num2,Database,63.21666666666667,133097.44480000008,1709.8750493818636
PMANM_reverse_num2,Database,24.803846153846155,48814.1480000001,1829.2615934594608
GALUi_reverse_num2,Database,178.62,31965.24090000002,20116.60109215694
TRATF_reverse_num2,Database,3.7,42060.62300000007,316.6857514212278
GAPD_reverse_num2,Database,6.45,144180.3724000001,161.04827316980894
PGM_reverse_num2,Database,294.38454545454545,40788.52830000008,25982.41240384154
PGM_reverse_num3,Database,294.38454545454545,26261.725800000004,40354.711328086574
PGM_reverse_num5,Database,294.38454545454545,27245.198199999995,38898.02363912933
MI2DH_reverse_num2,Database,58.0,35211.25800000003,5929.921617682612
MI2DH_reverse_num3,Database,58.0,36224.43570000004,5764.064945806727
MI2DH_reverse_num4,Database,58.0,38022.71920000005,5491.453646481962
UAGAAT_reverse_num2,Database,9.166666666666666,36468.071600000025,904.9011519435531
UAGAAT_reverse_num4,Database,9.166666666666666,39787.823900000025,829.3994686148185
UAGAAT_reverse_num5,Database,9.166666666666666,32647.44630000001,1010.7988139948324
ACOATA_reverse_num2,Database,17.168145925555557,36468.071600000025,1694.7790936112992
ACOATA_reverse_num4,Database,17.168145925555557,39787.823900000025,1553.3728481189935
ACOATA_reverse_num5,Database,17.168145925555557,32647.44630000001,1893.113622550012
MCOATA_reverse_num2,Database,92.33634818181818,36468.071600000025,9115.12012756236
MCOATA_reverse_num4,Database,92.33634818181818,39787.823900000025,8354.587430818132
MCOATA_reverse_num5,Database,92.33634818181818,32647.44630000001,10181.833225177716
ALCD2x_reverse_num2,Database,292.8888888888889,35528.24010000003,29677.79988629381
LEUt2rpp_reverse_num2,TurNuP,42.14790726,11479.888099999986,13217.242608488506
LEUt2rpp_reverse_num3,TurNuP,74.26729584,44831.84830000004,5963.668132415584
URAt2rpp_reverse_num2,TurNuP,35.2750473,66934.41170000029,1897.232933773577
PHETA1_reverse_num2,Database,2.85,79835.55380000017,128.5141708380055
SHK3Dr_reverse_num2,Database,121.6825,29304.723,14948.341262260012
TYRTA_reverse_num2,Database,2.85,79835.55380000017,128.5141708380055
ASNS2,UniKP,3.02738016,72387.69100000027,150.5583121307179
VPAMT,UniKP,16.50811904,46748.85590000004,1271.2445556127493
FRUK,UniKP,3.584607431,34005.376100000016,379.4866645100859
G3PD2,UniKP,3.361813796,34682.05930000003,348.9564896049869
GLCATr,UniKP,4.003173613,24125.874399999997,597.3431166830582
MALTATr,UniKP,8.749611391,24125.874399999997,1305.5941718572492
SUCptsp,UniKP,2.783505408,52733.475000000064,190.0238789270001
AGPR,UniKP,3.040541007,35887.42490000004,305.0078866260473
CSND,UniKP,3.988596982,45462.61560000002,315.84080558708536
G5SD,UniKP,4.930779386,45666.24640000014,388.70735365716297
GLUNATF,UniKP,6.321162244,79427.97160000014,286.5008840084739
ARGSS,UniKP,8.493583556,176536.5440000002,173.20436952475953
FRD2,UniKP,2.816773278,128023.23510000033,79.20737038772091
FRD3,UniKP,2.816773278,128023.23510000033,79.20737038772091
2MAHMP,UniKP,1.548569225,65385.59550000024,85.26112161813957
AMMQLT8,UniKP,1.346178577,25244.4262,191.97278792575605
CDPMEK,UniKP,1.346178577,32629.51060000004,148.52330874984054
FCLT,UniKP,2.785330727,73568.84670000002,136.29669441589868
LIPOS,UniKP,3.306526084,39310.94330000009,302.80356824711384
MECDPDH2,UniKP,6.054294941,40067.74610000004,543.965256573291
MSDHD_num1,UniKP,2.16503765,53643.12570000007,145.29607360295915
QULNS,UniKP,11.02063017,42875.0744000001,925.3457671434364
TYRL,UniKP,3.341555311,108995.17519999993,110.36818003665182
NAMNPP,UniKP,5.2196584,48023.52040000004,391.2826482416726
FTHFD,UniKP,3.368659884,34255.426100000026,354.0220328013958
AGPAT120,UniKP,3.962805676,27142.98989999999,525.590603178171
AGPAT140,UniKP,3.757622976,27142.98989999999,498.3770308075016
AGPAT141,UniKP,4.364763907,27142.98989999999,578.9026972743341
AGPAT160,UniKP,5.036041555,27142.98989999999,667.9348761795768
AGPAT161,UniKP,6.066441308,27142.98989999999,804.5977539416175
AGPAT180,UniKP,7.010475053,27142.98989999999,929.8058277212862
AGPAT181,UniKP,8.333699442,27142.98989999999,1105.3063093539306
PGSA120,UniKP,3.361813796,45010.50839999997,268.88231428196906
PGSA140,UniKP,3.361813796,45010.50839999997,268.88231428196906
PGSA141,UniKP,3.361813796,45010.50839999997,268.88231428196906
PGSA160,UniKP,3.361813796,45010.50839999997,268.88231428196906
PGSA161,UniKP,3.361813796,45010.50839999997,268.88231428196906
PGSA180,UniKP,3.361813796,45010.50839999997,268.88231428196906
PGSA181,UniKP,5.878370023,45010.50839999997,470.1598101211408
IG3PS,UniKP,3.179707355,50417.5635,227.0428335554137
PRATPP,UniKP,2.709708013,9822.014299999992,993.1719247038776
D52DGK,UniKP,4.519801043,37206.43550000006,437.32444498210464
THCDH,UniKP,1.428617108,61893.0406000002,83.09531312313624
U23GAAT_num1,UniKP,6.532364071,51947.94010000007,452.6938048040132
FDH4pp_num1,UniKP,2.6067766,32629.927200000035,287.6008794772913
FDH5pp_num1,UniKP,3.361813796,32629.927200000035,370.902748002453
NADH10,UniKP,2.6067766,50957.08140000013,184.16274052932664
GLUPRT,UniKP,5.732941755,52875.34770000009,390.3253825411717
PRAIS,UniKP,3.02738016,37850.74260000005,287.935396437902
PRASCSi,UniKP,8.757510522,32989.8726,955.6580669911408
DHDPRy,UniKP,7.26553543,26024.081399999985,1005.0663132340192
ACGAptspp,UniKP,12.93234698,52733.475000000064,882.8632880347814
ACMANAptspp_num1,UniKP,12.93234698,59665.89070000024,780.2858313485264
ACMUMptspp_num1,UniKP,8.598492422,59665.89070000024,518.7984685394108
MANptspp,UniKP,2.866867848,72570.42480000024,142.2166713401954
MNLptspp,UniKP,8.333699442,52733.475000000064,568.9235915364949
SBTptspp,UniKP,0.730055014,52733.475000000064,49.83927287932374
SUCptspp,UniKP,1.214192558,52733.475000000064,82.89029328713868
G3PD2_reverse,UniKP,6.515943384,34682.05930000003,676.3553449780296
GLCATr_reverse,UniKP,5.974263364,24125.874399999997,891.4639840121196
MALTATr_reverse,UniKP,5.039434611,24125.874399999997,751.9712777581236
MCITD_reverse_num1,UniKP,20.6498801,55395.45140000014,1341.9796478091305
AGPR_reverse,UniKP,2.061226682,35887.42490000004,206.76925346070155
GLUNATF_reverse,UniKP,4.207657032,79427.97160000014,190.70819775536071
NAMNPP_reverse,UniKP,6.136826708,48023.52040000004,460.0365813415041
MI2DHT_reverse,UniKP,5.878370023,35528.63720000004,595.635908117522
MSDHD_num2,UniKP,3.361813796,25097.803900000006,482.2146875408488
U23GAAT_num2,UniKP,2.6067766,36468.071600000025,257.3318343490362
U23GAAT_num4,UniKP,10.04768803,39787.823900000025,909.1142304970334
U23GAAT_num5,UniKP,2.334378212,32647.44630000001,257.4094612478157
FDH4pp_num2,UniKP,4.17915257,78597.73920000027,191.41707388957505
FDH5pp_num2,UniKP,4.17915257,78597.73920000027,191.41707388957505
ACMANAptspp_num2,UniKP,8.189518482,9132.906999999994,3228.1360726874827
ACMUMptspp_num2,UniKP,12.93234698,9132.906999999994,5097.659390159128
MCITD_reverse_num2,TurNuP,4.012794495,55012.20050000012,262.5973884102303
MCITD_reverse_num3,TurNuP,10.09737968,49272.44170000011,737.746407399979
